reaction	linear_coefficient
EX_cd2_e	[0.011996981791048779]
3OAR80	[0.00320999128070663]
EX_cbi_e	[0.011996981791048779]
EX_cbl1_e	[0.011996981791048779]
2AGPEAT120	[0.0096521892934977]
2AGPEAT140	[0.0096521892934977]
3OAS100	[0.0033016349418232764]
12DGR120tipp	[0.011996981791048779]
2AGPEAT141	[0.0096521892934977]
3OAS120	[0.0033016349418232764]
2AGPEAT160	[0.0096521892934977]
2AGPEAT161	[0.0096521892934977]
2AGPEAT180	[0.0096521892934977]
12DGR140tipp	[0.011996981791048779]
2AGPEAT181	[0.0096521892934977]
3OAS121	[0.0033016349418232764]
2AGPG120tipp	[0.037374032531598024]
2AGPG140tipp	[0.037374032531598024]
12DGR141tipp	[0.011996981791048779]
12DGR160tipp	[0.011996981791048779]
12DGR161tipp	[0.011996981791048779]
2AGPG141tipp	[0.037374032531598024]
12DGR180tipp	[0.011996981791048779]
3OAS140	[0.0033016349418232764]
12DGR181tipp	[0.011996981791048779]
2AGPG160tipp	[0.037374032531598024]
3OAS141	[0.0033016349418232764]
2AGPG161tipp	[0.037374032531598024]
2AGPG180tipp	[0.037374032531598024]
2AGPG181tipp	[0.037374032531598024]
2AGPGAT120	[0.0096521892934977]
2AGPGAT140	[0.0096521892934977]
2AGPGAT141	[0.0096521892934977]
2AGPGAT160	[0.0096521892934977]
2AGPGAT161	[0.0096521892934977]
2AGPGAT180	[0.0096521892934977]
3OAS160	[0.0033016349418232764]
2AGPGAT181	[0.0096521892934977]
3OAS161	[0.0033016349418232764]
3OAS180	[0.0033016349418232764]
3OAS181	[np.float64(0.0037751224030668573)]
3OAS60	[0.0033016349418232764]
3OAS80	[0.0033016349418232764]
3OXCOAT	[0.006545502652180795]
3PEPTabcpp	[np.float64(0.0037751224030668573)]
12PPDt	[0.36418663102955834]
3PEPTtex	[0.00044489429360646855]
2DGLCNRx	[0.006693470545510929]
2DGLCNRy	[0.006693470545510929]
13PPDH	[0.36418663102955834]
2DGULRx	[0.006693470545510929]
3UMPtex	[0.00044489429360646855]
2DGULRy	[0.006693470545510929]
13PPDtex	[0.011996981791048779]
13PPDtpp	[0.011996981791048779]
42A12BOOXpp	[0.007420551076133361]
14GLUCANabcpp	[0.11585181299577449]
4HOXPACDtex	[0.00044489429360646855]
14GLUCANtexi	[0.36418663102955834]
23CAMPtex	[0.00044489429360646855]
23CCMPtex	[0.00044489429360646855]
23CGMPtex	[0.00044489429360646855]
23CUMPtex	[0.00044489429360646855]
23DAPPAt2pp	[0.011996981791048779]
2INSD	[0.010515272210115037]
2MAHMP	[0.004720293090059658]
4HTHRS	[0.009343457072628878]
34dhpactex	[0.00044489429360646855]
3AMPtex	[0.00044489429360646855]
23DAPPAtex	[0.00044489429360646855]
23PDE2pp	[np.float64(0.0037751224030668573)]
23PDE4pp	[np.float64(0.0037751224030668573)]
3CMPtex	[0.00044489429360646855]
23PDE7pp	[np.float64(0.0037751224030668573)]
4PCP	[0.006117823980215606]
23PDE9pp	[np.float64(0.0037751224030668573)]
3GMPtex	[0.00044489429360646855]
3HAD100	[np.float64(0.0037751224030668573)]
3HAD120	[np.float64(0.0037751224030668573)]
4PCPpp	[0.011996981791048779]
3HAD121	[np.float64(0.0037751224030668573)]
26DAHtex	[0.00044489429360646855]
2AGPA120tipp	[0.037374032531598024]
2AGPA140tipp	[0.037374032531598024]
3HAD140	[np.float64(0.0037751224030668573)]
3HAD141	[np.float64(0.0037751224030668573)]
3HAD160	[np.float64(0.0037751224030668573)]
2AGPA141tipp	[0.037374032531598024]
2AGPA160tipp	[0.037374032531598024]
2AGPA161tipp	[0.037374032531598024]
2AGPA180tipp	[0.037374032531598024]
2AGPA181tipp	[0.037374032531598024]
3HAD161	[np.float64(0.0037751224030668573)]
2AGPE120tipp	[0.037374032531598024]
3HAD180	[np.float64(0.0037751224030668573)]
4PEPTabcpp	[0.002657716820152532]
3HAD181	[np.float64(0.0037751224030668573)]
2AGPE140tipp	[0.037374032531598024]
2AGPE141tipp	[0.037374032531598024]
3HAD40	[np.float64(0.0037751224030668573)]
2AGPE160tipp	[0.037374032531598024]
3HAD60	[np.float64(0.0037751224030668573)]
4PEPTtex	[0.00044489429360646855]
3HAD80	[np.float64(0.0037751224030668573)]
2AGPE161tipp	[0.037374032531598024]
2AGPE180tipp	[0.037374032531598024]
3HCINNMH	[0.3698660109855745]
5DGLCNtex	[0.00044489429360646855]
3HPPPNH	[0.3698660109855745]
2AGPE181tipp	[0.037374032531598024]
3NTD2pp	[np.float64(0.0037751224030668573)]
5DOAN	[0.0037570865014269197]
3NTD4pp	[np.float64(0.0037751224030668573)]
3NTD7pp	[np.float64(0.0037751224030668573)]
3NTD9pp	[np.float64(0.0037751224030668573)]
ACGALtex	[0.00044489429360646855]
ACGAM1Ptex	[0.00044489429360646855]
A5PISO	[0.007226076726512024]
ACGAMK	[0.0074693704081509075]
ACGAMT	[0.03457112959016958]
AACPS1	[0.00031152199309638983]
ACGAptspp	[0.0025264714377047867]
AACPS2	[0.00031152199309638983]
ACGAtex	[0.00044489429360646855]
AACPS3	[0.00031152199309638983]
ACGK	[0.07553601404654282]
ACGS	[0.36418663102955834]
AACPS4	[0.00031152199309638983]
ACHBS	[0.0038946472177781404]
ACKr	[np.float64(0.0037751224030668573)]
3OADPCOAT	[0.006024885459067501]
AACPS5	[0.00031152199309638983]
3OAR100	[0.00320999128070663]
AACPS6	[0.00031152199309638983]
3OAR120	[0.00320999128070663]
AACPS7	[0.00031152199309638983]
3OAR121	[0.00320999128070663]
3OAR140	[0.00320999128070663]
ACLDC	[0.36418663102955834]
ACLS	[0.0038946472177781404]
3OAR141	[0.00320999128070663]
ACLS_a	[0.011996981791048779]
AACPS8	[0.00031152199309638983]
ACMAMUT	[0.36418663102955834]
ACMANAptspp	[0.0025264714377047867]
ACMANAtex	[0.00044489429360646855]
3OAR160	[0.00320999128070663]
3OAR161	[0.00320999128070663]
3OAR180	[0.00320999128070663]
3OAR181	[0.00320999128070663]
3OAR40	[0.00320999128070663]
3OAR60	[0.00320999128070663]
ACMUMptspp	[0.0025264714377047867]
ACMUMtex	[0.00044489429360646855]
AACPS9	[0.00031152199309638983]
ACOAD1f	[np.float64(0.0037751224030668573)]
ADNK1	[0.005280696090250054]
ACOAD2f	[np.float64(0.0037751224030668573)]
AADDGT	[0.36418663102955834]
ACOAD3f	[np.float64(0.0037751224030668573)]
ACOAD4f	[np.float64(0.0037751224030668573)]
ADNUC	[0.0047556850229273405]
ADNt2pp	[0.006322627357656415]
AAMYL	[0.009430457028707545]
ADNtex	[0.005867275432420022]
ADOCBIK	[0.36418663102955834]
ACOAD5f	[np.float64(0.0037751224030668573)]
ACOAD6f	[np.float64(0.0037751224030668573)]
ACOAD7f	[np.float64(0.0037751224030668573)]
ACOAD8f	[np.float64(0.0037751224030668573)]
ADOCBLS	[0.3060390478743079]
ADOCBLabcpp	[0.005085019785456431]
AAMYLpp	[0.36418663102955834]
ADOCBLtonex	[np.float64(0.0037751224030668573)]
ADPRDP	[np.float64(0.0037751224030668573)]
ADPT	[0.034638363652075274]
ADSK	[0.36418663102955834]
ACOATA	[0.00031152199309638983]
ACODA	[0.008073410638321109]
ADSL1r	[0.004720293090059658]
AB6PGH	[0.007226076726512024]
ADSL2r	[0.004720293090059658]
ADSS	[0.0026434339782670435]
AGDC	[0.007699933065032731]
ACOLIPAtex	[0.011996981791048779]
ACONIs	[0.011996981791048779]
ACONMT	[0.11585181299577449]
ABTA	[np.float64(0.0037751224030668573)]
ACONTa	[0.0026434339782670435]
AGM3PA	[0.004494194178928647]
ACONTb	[0.0026434339782670435]
AGM3PApp	[np.float64(0.0037751224030668573)]
ABTDG	[0.36418663102955834]
AGM3PH	[0.011024320720316783]
ACOTA	[0.0026742871484337423]
AGM3Pt2pp	[0.006901591232294102]
ACPS1	[0.36418663102955834]
ABUTD	[0.009863428404933523]
ACS	[0.002599812412199252]
AGM4PA	[0.004494194178928647]
AGM4PApp	[np.float64(0.0037751224030668573)]
ACSERtex	[0.00044489429360646855]
AGM4PCP	[0.006117823980215606]
ACSERtpp	[0.04595210020179152]
ABUTt2pp	[0.004720293090059658]
ACTD	[0.36418663102955834]
ACTDa	[0.36418663102955834]
AGM4PCPpp	[0.011996981791048779]
AGM4PH	[0.011024320720316783]
AGM4Pt2pp	[0.006901591232294102]
AGMH	[0.011024320720316783]
AGMHE	[np.float64(0.0037751224030668573)]
ACt2rpp	[0.011996981791048779]
ACt4pp	[0.010738880574540512]
ACtex	[0.00044489429360646855]
ADA	[0.00314554728475137]
ABUTtex	[0.00044489429360646855]
ADCL	[0.03595054074198269]
ACACT1r	[0.006545502652180795]
AGMPTRCtpp	[0.36418663102955834]
ACALD	[np.float64(0.0037751224030668573)]
ACALDtex	[0.00044489429360646855]
AGMT	[0.006901591232294102]
AGMt2pp	[0.006901591232294102]
ADCPS1	[0.1175136559139859]
ACALDtpp	[0.011996981791048779]
ADCS	[0.010515272210115037]
AGMtex	[0.00044489429360646855]
AGPAT120	[np.float64(0.0037751224030668573)]
AGPAT140	[np.float64(0.0037751224030668573)]
ACANTHAT	[0.008833275095473568]
ACBIPGT	[0.36418663102955834]
ACCOAC	[np.float64(0.0037751224030668573)]
ACGAL1Ptex	[0.00044489429360646855]
ADNCYC	[0.0034570894407536436]
ADCYRS	[0.36418663102955834]
ADD	[0.36418663102955834]
AGPAT141	[np.float64(0.0037751224030668573)]
ALAtex	[0.00044489429360646855]
AGPAT160	[np.float64(0.0037751224030668573)]
AGPAT161	[np.float64(0.0037751224030668573)]
AGPAT180	[np.float64(0.0037751224030668573)]
AGPAT181	[np.float64(0.0037751224030668573)]
AGPR	[0.36418663102955834]
AGt3	[0.36418663102955834]
ADEt2rpp	[0.36418663102955834]
ADEtex	[0.00044489429360646855]
ADK1	[0.005280696090250054]
ADK3	[0.005280696090250054]
ADK4	[0.005280696090250054]
ADMDC	[0.00808817434604795]
ARGt3pp	[0.36418663102955834]
ARGtex	[0.00044489429360646855]
AHCi	[np.float64(0.0037751224030668573)]
AHCYSNS	[0.0071025192866629476]
23DK5MPPISO	[0.011996981791048779]
ALCD19	[0.005960220861440964]
ASAD	[0.002973188735356846]
ASCBPL	[0.36418663102955834]
AICART	[0.010738880574540512]
AIRC2	[0.007322591861165926]
AIRC3	[0.005820014153749305]
AKGDH	[0.0021259449913262024]
ASCBptspp	[0.0025264714377047867]
ASCBtex	[0.00044489429360646855]
ASNN	[0.003931757068791163]
AKGt2rpp	[np.float64(0.0037751224030668573)]
ALCD2x	[0.0035870427354150127]
AKGtex	[0.00044489429360646855]
ALAALAabcpp	[np.float64(0.0037751224030668573)]
ALAALAr	[0.004720293090059658]
ALAALAtex	[0.00044489429360646855]
ALAGLUE	[0.007846766935129852]
ASNNpp	[0.09558659366636922]
ASNS1	[0.05752396166613125]
ASNS2	[0.057815974310841456]
ASNTRS	[np.float64(0.0037751224030668573)]
ASNt2rpp	[0.07553601404654282]
ASNtex	[0.00044489429360646855]
ASO3t8pp	[0.36418663102955834]
ALCD3ir	[0.3698660109855745]
ASO3tex	[0.00044489429360646855]
ASP1DC	[0.003147159205478446]
ASPCT	[0.045647130903167694]
ALDD19xr	[0.004670784681346172]
ASPK	[0.009863428404933523]
ASPO3	[0.36418663102955834]
ALAR	[0.0022488303508380663]
ALATA_D2	[0.0036336825920949287]
ALDD2x	[0.36418663102955834]
ALATA_L	[0.011996981791048779]
ALATA_L2	[0.0036336825920949287]
ASPO4	[0.36418663102955834]
ASPO5	[0.36418663102955834]
ALDD2y	[0.0001046588331215737]
ASPO6	[0.36418663102955834]
ALATRS	[np.float64(0.0037751224030668573)]
ALDD3y	[0.0001046588331215737]
ALAabcpp	[0.0467276975904941]
ALAt2pp	[0.0026425919301260336]
ASPT	[0.002313753072358807]
ASPTA	[0.002771762468017001]
ASPTRS	[0.004720293090059658]
ASPabcpp	[0.0022884703660405676]
ASPt2_2pp	[0.004216064137621043]
ASPt2_3pp	[0.008082478018745513]
ALAt4pp	[0.36418663102955834]
ALLPI	[0.36418663102955834]
ASPt2pp	[0.038733187685561714]
ASPtex	[0.00044489429360646855]
AST	[0.0026489037923686193]
BZDIOLDH	[0.3698660109855745]
ALLTAMH	[0.36418663102955834]
ALLTN	[0.05264076825431193]
BZt	[0.011996981791048779]
ALLULPE	[0.36418663102955834]
ATHRDHr	[np.float64(0.0037751224030668573)]
ATPM	[0.011996981791048779]
ATPPRT	[0.36418663102955834]
ALLtex	[0.00044489429360646855]
ATPS4rpp	[0.0027808398282112433]
BALAt2pp	[0.0026425919301260336]
BALAtex	[0.00044489429360646855]
BETALDHx	[0.010907370510271778]
CA2t3pp	[0.36418663102955834]
CA2tex	[0.00044489429360646855]
ALPATE160pp	[0.0001046588331215737]
CADVtpp	[0.36418663102955834]
CAT	[np.float64(0.0037751224030668573)]
BETALDHy	[0.010907370510271778]
BGLK	[0.00836879009844714]
BLUB	[0.011996981791048779]
BPNT	[0.011996981791048779]
BSORx	[0.36418663102955834]
BSORy	[0.36418663102955834]
CATDOX	[0.0054393414778567345]
CAt6pp	[0.007711135875088314]
CBIAT	[0.004650954536944112]
CBItonex	[np.float64(0.0037751224030668573)]
ALPATG160pp	[0.0001046588331215737]
CBIuabcpp	[0.005085019785456431]
CBL1abcpp	[0.005085019785456431]
CBL1tonex	[np.float64(0.0037751224030668573)]
ALR2	[0.004470752961793577]
CBLAT	[0.004650954536944112]
BTDD_RR	[0.011996981791048779]
ALR4x	[0.034743495976679056]
BTDt_RR	[0.011996981791048779]
BTS4	[0.36418663102955834]
CBPS	[0.06897414447998353]
CD2abcpp	[0.09106253595232988]
BUTCT	[0.006024885459067501]
BUTSO3abcpp	[0.040089130149306415]
CD2t3pp	[0.007990752224301243]
BUTSO3tex	[0.00044489429360646855]
ALTRH	[0.011024320720316783]
BUTtex	[0.00044489429360646855]
CD2tex	[0.00044489429360646855]
CD2tpp	[0.007534073541973199]
CDAPPA120	[0.36418663102955834]
BZ12DOX	[0.36418663102955834]
AM3PA	[0.004494194178928647]
CDAPPA140	[0.36418663102955834]
CDAPPA141	[0.36418663102955834]
CDAPPA160	[0.36418663102955834]
CDAPPA161	[0.36418663102955834]
CLPNS181pp	[0.0076305920288904355]
CLt3_2pp	[0.15318588355054288]
AM4PA	[0.004494194178928647]
CLtex	[0.00044489429360646855]
CDAPPA180	[0.36418663102955834]
CDAPPA181	[0.36418663102955834]
CDPMEK	[np.float64(0.0037751224030668573)]
AM4PCP	[0.006117823980215606]
CELLBabc	[0.011996981791048779]
CFAS160E	[0.003164509741082395]
CMCMSAD	[np.float64(0.0037751224030668573)]
CMHMI	[np.float64(0.0037751224030668573)]
CMPtex	[0.00044489429360646855]
CFAS160G	[0.003164509741082395]
AMALT1	[0.06356063517969497]
CFAS180E	[0.003164509741082395]
CO2tex	[0.00044489429360646855]
CO2tpp	[0.011996981791048779]
CFAS180G	[0.003164509741082395]
AMALT2	[0.06356063517969497]
COBALT2abcpp	[0.09106253595232988]
COBALT2t3pp	[0.007990752224301243]
CGLYabcpp	[np.float64(0.0037751224030668573)]
AMALT3	[0.06356063517969497]
CGLYtex	[0.00044489429360646855]
COBALT2tex	[0.00044489429360646855]
COBALT2tpp	[0.007534073541973199]
COLIPAabcpp	[np.float64(0.0037751224030668573)]
CHLabcpp	[0.007728379785002437]
CHLt2pp	[0.008236520983855723]
CHLtex	[0.00044489429360646855]
CHORM	[0.003841192350991288]
AMALT4	[0.06356063517969497]
CHORS	[0.004061518114035207]
CHRPL	[0.008663020730684312]
CPC2MT	[0.07647701923409908]
CPC3MT	[0.07398850936907064]
CPC4MT	[0.36418663102955834]
CITACt	[0.36418663102955834]
AMANAPEr	[0.0074693704081509075]
CITL	[0.007226076726512024]
CPC5MT	[0.034638363652075274]
AMAOTr	[0.36418663102955834]
CPC6MT	[0.037374032531598024]
CPC6R	[0.06256142059474873]
CITt4_1	[0.463588300989714]
CLIPAtex	[0.011996981791048779]
CPC8MM	[0.009430457028707545]
CLPNH120pp	[0.011996981791048779]
AMMQLT8	[np.float64(0.0037751224030668573)]
CLPNH140pp	[0.011996981791048779]
CLPNH141pp	[0.011996981791048779]
CPGNabcpp	[0.011729682147820065]
CPPPGO	[0.004494194178928647]
AMPMS2	[0.009343457072628878]
CPPPGO2	[0.003866982555163541]
CLPNH160pp	[0.011996981791048779]
CLPNH161pp	[0.011996981791048779]
CRNDabcpp	[np.float64(0.0037751224030668573)]
CRNDt2rpp	[0.03518916471058945]
CRNabcpp	[np.float64(0.0037751224030668573)]
CRNt2rpp	[0.03518916471058945]
CLPNH180pp	[0.011996981791048779]
CLPNH181pp	[0.011996981791048779]
CLPNS120pp	[0.0076305920288904355]
CLPNS140pp	[0.0076305920288904355]
CRNtex	[0.00044489429360646855]
CS	[0.00228571606329083]
AMPN	[np.float64(0.0037751224030668573)]
CSND	[0.004670784681346172]
CSNt2pp	[0.3698660109855745]
CSNtex	[0.00044489429360646855]
CLPNS141pp	[0.0076305920288904355]
CLPNS160pp	[0.0076305920288904355]
CTBTabcpp	[np.float64(0.0037751224030668573)]
CLPNS161pp	[0.0076305920288904355]
AMPTASECG	[0.002173290432869735]
CLPNS180pp	[0.0076305920288904355]
EX_cgly_e	[0.011996981791048779]
CTBTt2rpp	[0.03518916471058945]
CTPS2	[np.float64(0.0037751224030668573)]
CU1Opp	[0.005472316657112654]
CU1abcpp	[0.010620202798508057]
CU2abcpp	[0.09106253595232988]
AMPTASEPG	[0.0031370847009342187]
AMPtex	[0.00044489429360646855]
ANHGMtex	[0.00044489429360646855]
CU2tex	[0.00044489429360646855]
CU2tpp	[0.007534073541973199]
CUt3	[0.36418663102955834]
CUtex	[0.00044489429360646855]
CYANST	[np.float64(0.0037751224030668573)]
CYSDtex	[0.00044489429360646855]
CYSS	[np.float64(0.0037751224030668573)]
CYSSADS	[0.049496596445290315]
CYANSTpp	[0.36418663102955834]
ANHMK	[0.005085019785456431]
CYANtex	[0.00044489429360646855]
CYNTt2pp	[0.36418663102955834]
ANPRT	[0.36418663102955834]
CYNTtex	[0.00044489429360646855]
CYRDAAT	[0.004650954536944112]
CYRDAR2	[0.011996981791048779]
CYSTGL	[0.36418663102955834]
CYSTL	[0.11933943042418342]
CYSTRS	[np.float64(0.0037751224030668573)]
CYRDAS	[0.011996981791048779]
CYS	[0.36418663102955834]
CYSTS	[0.36418663102955834]
CYSDDS	[0.003931627292655671]
ANS	[0.36418663102955834]
CYSDS	[0.11933943042418342]
CYSabc2pp	[0.005177484062654752]
CYSabcpp	[0.011996981791048779]
AOBUTDs	[0.011996981791048779]
CYStex	[0.00044489429360646855]
CYStpp	[0.04595210020179152]
CYSDabcpp	[0.011996981791048779]
AOXSr	[0.36418663102955834]
CYTBDpp	[0.007031088234525529]
CYTBO3_4pp	[0.0026563662935559095]
CYTD	[0.010907370510271778]
CYTDH	[np.float64(0.0037751224030668573)]
CYTDK2	[0.011492795681219695]
DCYTt2pp	[0.006322627357656415]
DCYTtex	[0.005867275432420022]
AP4AH	[0.0065652731950216125]
DDCAtexi	[0.004978997563790298]
DDGALK	[0.24670139391035847]
CYTDt2pp	[0.006322627357656415]
CYTDtex	[0.00044489429360646855]
CYTK1	[np.float64(0.0037751224030668573)]
DDGLCNt2rpp	[0.36418663102955834]
DDGLCNtex	[0.00044489429360646855]
CYTK2	[np.float64(0.0037751224030668573)]
AP5AH	[0.0065652731950216125]
D_LACt2pp	[0.1690045981533001]
D_LACtex	[0.00044489429360646855]
DDGLK	[0.010907370510271778]
DDPA	[0.002864150222861964]
DDPGALA	[0.36418663102955834]
D5KGK	[0.36418663102955834]
DGK1	[np.float64(0.0037751224030668573)]
APPLDHr	[0.011996981791048779]
DGMPtex	[0.00044489429360646855]
DGSNt2pp	[0.36418663102955834]
DGSNtex	[0.00044489429360646855]
D5KGPA	[0.011996981791048779]
DAAD	[0.0023143334964889272]
DHAD1	[0.010327059149643575]
DACTt3	[0.011996981791048779]
DADA	[0.00314554728475137]
DADK	[0.005280696090250054]
DADNt2pp	[0.006322627357656415]
DHAD2	[0.010327059149643575]
APRAUR	[0.004548385973321327]
DHAK	[0.24670139391035847]
DHAPT	[0.0025264714377047867]
DADNtex	[0.005867275432420022]
DAGK120	[0.009965825669121055]
DAGK140	[0.009965825669121055]
DHAtex	[0.00044489429360646855]
DHAtpp	[0.011996981791048779]
DAGK141	[0.009965825669121055]
APTNAT	[np.float64(0.0037751224030668573)]
DAGK160	[0.009965825669121055]
DHBD	[0.36418663102955834]
DHBS	[0.36418663102955834]
DHBSH	[0.011996981791048779]
DAGK161	[0.009965825669121055]
ARAI	[0.36418663102955834]
DAGK180	[0.009965825669121055]
DAGK181	[0.009965825669121055]
DHCINDO	[0.36418663102955834]
DHDPRy	[0.0038491931010867604]
DHDPS	[0.0029838827525202677]
DHEDAA	[0.010693738070993277]
DALAt2pp	[0.0026425919301260336]
DALAtex	[0.00044489429360646855]
ARAT	[np.float64(0.0037751224030668573)]
DAMPtex	[0.00044489429360646855]
DAPAL	[0.36418663102955834]
DHFR	[0.004807732417914866]
DHFS	[0.010341012482962337]
DHNAOT4	[0.36418663102955834]
DHNPA2r	[0.07553601404654282]
DHORD2	[0.03865134692277772]
DAPAT	[0.011996981791048779]
DAPDC	[0.36418663102955834]
DHORD5	[0.03865134692277772]
ARBTNabcpp	[0.011729682147820065]
DHORTS	[0.044002512285435016]
DAPE	[np.float64(0.0037751224030668573)]
DAPtex	[0.00044489429360646855]
DASYN120	[0.005484140505833499]
DHPACCOAHIT	[0.0031835523769327898]
ARBt2rpp	[0.36418663102955834]
DHPDO	[np.float64(0.0037751224030668573)]
DHPPDA2	[0.004548385973321327]
DASYN140	[0.005484140505833499]
DASYN141	[0.005484140505833499]
DHPS2	[0.03643419826348136]
DASYN160	[0.005484140505833499]
ARBt3ipp	[0.36418663102955834]
DASYN161	[0.005484140505833499]
DASYN180	[0.005484140505833499]
DHPTPE	[np.float64(0.0037751224030668573)]
DHQS	[np.float64(0.0037751224030668573)]
DHQTi	[0.004061518114035207]
DASYN181	[0.005484140505833499]
DIMPtex	[0.00044489429360646855]
ARBtex	[0.00044489429360646855]
DINSt2pp	[0.36418663102955834]
DINStex	[0.00044489429360646855]
DB4PS	[0.0021709868342063175]
DBTS	[0.36418663102955834]
DCAtex	[0.00044489429360646855]
DCMPtex	[0.00044489429360646855]
DCTPD	[np.float64(0.0037751224030668573)]
DKDID	[0.05264076825431193]
DKGLCNR1	[0.004470752961793577]
DKGLCNR2x	[0.006693470545510929]
DCYTD	[0.010907370510271778]
ARD_1	[0.011996981791048779]
DKGLCNR2y	[0.006693470545510929]
DKMPPD	[0.011996981791048779]
DKMPPD3	[0.011996981791048779]
DMATT	[0.005085019785456431]
DMPPS	[0.004061518114035207]
DMQMT	[np.float64(0.0037751224030668573)]
DNTPPA	[0.006656699159017143]
DOPAtex	[0.00044489429360646855]
ARD1	[0.010430433373040964]
DPCOAK	[0.008786066815152918]
DMSOR1	[0.36418663102955834]
DPR	[0.010453318511648942]
ARGDCpp	[np.float64(0.0037751224030668573)]
DRPA	[0.008308891925326658]
DSBAO1	[np.float64(0.0037751224030668573)]
DMSOR2	[0.36418663102955834]
DMSOtex	[0.00044489429360646855]
DMStex	[0.00044489429360646855]
DSBAO2	[np.float64(0.0037751224030668573)]
ARGORNt7pp	[0.36418663102955834]
DSBCGT	[0.004508336708343038]
DSBDR	[0.0023331392383048196]
DSBGGT	[0.008206799265468535]
DSERDHr	[np.float64(0.0037751224030668573)]
DSERt2pp	[0.0026425919301260336]
DNAMTn2r	[0.003879781236188431]
DNMPPA	[0.011996981791048779]
DSERtex	[0.00044489429360646855]
ARGSL	[np.float64(0.0037751224030668573)]
ARGSS	[np.float64(0.0037751224030668573)]
ARGTRS	[0.00800900905110665]
DTMPK	[0.007711135875088314]
ECOAH8	[0.0034570894407536436]
EDA	[0.007711135875088314]
EDD	[0.36418663102955834]
DTMPtex	[0.00044489429360646855]
ARGabcpp	[0.0021356789492379493]
DUMPtex	[0.00044489429360646855]
DURIK1	[np.float64(0.0037751224030668573)]
EDTXS1	[0.003931757068791163]
EDTXS2	[0.007051425904747772]
EDTXS3	[np.float64(0.0037751224030668573)]
EDTXS4	[0.007051425904747772]
DURIPP	[0.0031071059121082767]
EX_cellb_e	[0.011996981791048779]
DURIt2pp	[0.006322627357656415]
DURItex	[0.005867275432420022]
DUTPDP	[0.007255395747129922]
DXPRIi	[0.007846766935129852]
DXPS	[0.006000258892403832]
ENO	[0.003131718932209575]
2OH3K5MPPISO	[0.011996981791048779]
ENTCS	[0.36418663102955834]
ENTERES	[0.008206799265468535]
ENTERES2	[0.008206799265468535]
ETHAAL	[0.13621607877956052]
DXYLK	[0.36418663102955834]
E4PD	[np.float64(0.0037751224030668573)]
EAR100x	[np.float64(0.0037751224030668573)]
EAR100y	[np.float64(0.0037751224030668573)]
EAR120x	[np.float64(0.0037751224030668573)]
FDH5pp_1	[0.0035835279916302874]
EAR120y	[np.float64(0.0037751224030668573)]
EAR121x	[np.float64(0.0037751224030668573)]
EAR121y	[np.float64(0.0037751224030668573)]
EAR140x	[np.float64(0.0037751224030668573)]
EAR140y	[np.float64(0.0037751224030668573)]
EAR141x	[np.float64(0.0037751224030668573)]
ETHAt	[0.04598343588627746]
ETHAtex	[0.00044489429360646855]
ETHSO3abcpp	[0.040089130149306415]
ETHSO3tex	[0.00044489429360646855]
ETOHt2rpp	[0.011996981791048779]
ETOHtex	[0.00044489429360646855]
F6PA	[0.36418663102955834]
EAR141y	[np.float64(0.0037751224030668573)]
EAR160x	[np.float64(0.0037751224030668573)]
F6PP	[0.008154069440376917]
EAR160y	[np.float64(0.0037751224030668573)]
FDMO	[0.36418663102955834]
EAR161x	[np.float64(0.0037751224030668573)]
EAR161y	[np.float64(0.0037751224030668573)]
EAR180x	[np.float64(0.0037751224030668573)]
F6Pt6_2pp	[0.36418663102955834]
F6Ptex	[0.00044489429360646855]
FA100ACPHi	[0.09872551644910717]
FA120ACPHi	[0.09872551644910717]
FA140ACPHi	[0.09872551644910717]
FA141ACPHi	[0.09872551644910717]
FA160ACPHi	[0.09872551644910717]
FA161ACPHi	[0.09872551644910717]
EAR180y	[np.float64(0.0037751224030668573)]
EAR181x	[np.float64(0.0037751224030668573)]
EAR181y	[np.float64(0.0037751224030668573)]
EAR40x	[np.float64(0.0037751224030668573)]
EAR40y	[np.float64(0.0037751224030668573)]
EAR60x	[np.float64(0.0037751224030668573)]
FA80ACPHi	[0.09872551644910717]
FACOAE100	[0.00570292685698311]
EAR60y	[np.float64(0.0037751224030668573)]
FACOAE120	[0.00570292685698311]
FDMO2	[0.36418663102955834]
FACOAE140	[0.00570292685698311]
FACOAE141	[0.00570292685698311]
FACOAE160	[0.00570292685698311]
EAR80x	[np.float64(0.0037751224030668573)]
EAR80y	[np.float64(0.0037751224030668573)]
ECAP1pp	[0.006552672731309886]
ECAP2pp	[0.006552672731309886]
FACOAE161	[0.00570292685698311]
FACOAE180	[0.00570292685698311]
ECAP3pp	[0.006552672731309886]
FACOAE181	[0.00570292685698311]
FDMO3	[0.36418663102955834]
FACOAE60	[0.00570292685698311]
FACOAE80	[0.00570292685698311]
ECAtpp	[0.36418663102955834]
ECOAH1	[0.0034570894407536436]
ECOAH2	[0.0034570894407536436]
ECOAH3	[0.0034570894407536436]
FACOAL100t2pp	[np.float64(0.0037751224030668573)]
FACOAL120t2pp	[np.float64(0.0037751224030668573)]
FACOAL140t2pp	[np.float64(0.0037751224030668573)]
FACOAL141t2pp	[np.float64(0.0037751224030668573)]
ECOAH4	[0.0034570894407536436]
FDMO4	[0.36418663102955834]
ECOAH5	[0.0034570894407536436]
ECOAH6	[0.0034570894407536436]
ECOAH7	[0.0034570894407536436]
FACOAL160t2pp	[np.float64(0.0037751224030668573)]
FACOAL161t2pp	[np.float64(0.0037751224030668573)]
FACOAL180t2pp	[np.float64(0.0037751224030668573)]
FDMO6	[0.36418663102955834]
FACOAL181t2pp	[np.float64(0.0037751224030668573)]
FACOAL60t2pp	[np.float64(0.0037751224030668573)]
FACOAL80t2pp	[np.float64(0.0037751224030668573)]
FADRx	[np.float64(0.0037751224030668573)]
FE2abcpp	[0.03639953250967642]
FADRx2	[0.36418663102955834]
FALDH2	[0.005960220861440964]
FALDtex	[0.00044489429360646855]
FRUpts2pp	[0.0025264714377047867]
FRUptspp	[0.0025264714377047867]
FE2t2pp	[0.13968654267640898]
FRUtex	[0.00044489429360646855]
FBA	[0.002614213901341952]
FBP	[np.float64(0.0037751224030668573)]
FCI	[0.03439688867873218]
FCLK	[0.24670139391035847]
FCLPA	[0.044002512285435016]
FTHFD	[np.float64(0.0037751224030668573)]
FUCtex	[0.00044489429360646855]
FUCtpp	[0.15318588355054288]
FUM	[0.0026434339782670435]
FUMt2_2pp	[0.004216064137621043]
FUMt2_3pp	[0.008082478018745513]
FCLT	[0.011996981791048779]
FE2t3pp	[0.008786066815152918]
FDH4pp_1	[0.0035835279916302874]
FUMtex	[0.00044489429360646855]
G1PACT	[0.003548810021835523]
G1PPpp	[0.0038491931010867604]
FE2tex	[0.00044489429360646855]
G1PTT	[0.008236520983855723]
G1Ptex	[0.00044489429360646855]
GALCTNLt2pp	[0.36418663102955834]
GALCTNLtex	[0.00044489429360646855]
GALCTNt2pp	[0.36418663102955834]
GALCTNtex	[0.00044489429360646855]
G1SAT	[np.float64(0.0037751224030668573)]
G2PPpp	[0.00905149050203237]
GALCTt2rpp	[0.36418663102955834]
FE2tpp	[0.007534073541973199]
GALCTtex	[0.00044489429360646855]
GALKr	[0.010693738070993277]
GALM2pp	[0.03457112959016958]
GALS3	[0.36418663102955834]
GALTptspp	[0.0025264714377047867]
G3PAT120	[0.004007009630612596]
G3PAT140	[0.004007009630612596]
G3PAT141	[0.004007009630612596]
G3PAT160	[0.004007009630612596]
G3PAT161	[0.004007009630612596]
G3PAT180	[0.004007009630612596]
GALTtex	[0.00044489429360646855]
GALURt2rpp	[0.36418663102955834]
G3PAT181	[0.004007009630612596]
FE3DHBZSabcpp	[0.011626455766602607]
G3PCabcpp	[0.36418663102955834]
GALURtex	[0.00044489429360646855]
GALUi	[np.float64(0.0037751224030668573)]
GALabcpp	[0.0028063630345168005]
G3PCtex	[0.00044489429360646855]
GALt2pp	[0.36418663102955834]
G3PD2	[0.004720293090059658]
FE3DHBZStonex	[np.float64(0.0037751224030668573)]
G3PD5	[0.36418663102955834]
GALtex	[0.00044489429360646855]
GAM6Pt6_2pp	[0.36418663102955834]
G3PD6	[0.36418663102955834]
GAMAN6Ptex	[0.00044489429360646855]
G3PD7	[0.36418663102955834]
G3PEabcpp	[0.36418663102955834]
G3PEtex	[0.00044489429360646855]
GAMptspp	[0.0025264714377047867]
GAMtex	[0.00044489429360646855]
GAPD	[0.002599812412199252]
GARFT	[0.0060945256488480525]
G3PGabcpp	[0.36418663102955834]
GART	[0.36418663102955834]
G3PGtex	[0.00044489429360646855]
GCALDD	[0.006196422233759262]
FE3HOXabcpp	[0.011729682147820065]
GDPDPK	[0.006218840901342738]
G3PIabcpp	[0.36418663102955834]
G3PItex	[0.00044489429360646855]
G3PSabcpp	[0.36418663102955834]
GDPMNP	[0.005415072168045543]
FE3HOXtonex	[np.float64(0.0037751224030668573)]
GDPtex	[0.00044489429360646855]
GF6PTA	[np.float64(0.0037751224030668573)]
GGGABADr	[0.36418663102955834]
G3PStex	[0.00044489429360646855]
G3PT	[0.008154069440376917]
G5SADs	[0.011996981791048779]
GGGABAH	[0.00583399174505206]
G5SD	[np.float64(0.0037751224030668573)]
FE3Ri	[np.float64(0.0037751224030668573)]
G6PDA	[0.006247485595788368]
GGPTRCO	[0.36418663102955834]
GGPTRCS	[0.007626291045633438]
GHMT2r	[0.0036336825920949287]
GK1	[np.float64(0.0037751224030668573)]
G6PDH2r	[np.float64(0.0037751224030668573)]
G6PP	[0.008154069440376917]
G6Pt6_2pp	[0.36418663102955834]
G6Ptex	[0.00044489429360646855]
GAL1PPpp	[0.0038491931010867604]
FE3abcpp	[0.011996981791048779]
GAL1Ptex	[0.00044489429360646855]
GALBDtex	[0.00044489429360646855]
GLA	[np.float64(0.0037751224030668573)]
FE3tex	[0.00044489429360646855]
GALCTD	[0.36418663102955834]
GLBRAN2	[0.010341012482962337]
FECRMR3	[0.011996981791048779]
GLCATr	[0.004720293090059658]
FECRMabcpp	[0.011729682147820065]
GLCDpp	[0.03457112959016958]
GLCNt2rpp	[0.36418663102955834]
FECRMtonex	[np.float64(0.0037751224030668573)]
GLCabcpp	[0.0028063630345168005]
GLCNtex	[0.00044489429360646855]
FEENTERR3	[0.011996981791048779]
GLCOAS	[0.002173290432869735]
GLCptspp	[0.0025264714377047867]
GLCt2pp	[0.36418663102955834]
GLCtex_copy1	[0.00044489429360646855]
GLCtex_copy2	[0.36418663102955834]
GLDBRAN2	[0.04420585398112684]
GLGC	[0.00808817434604795]
GLCP	[0.008948058922044961]
GLCP2	[0.008948058922044961]
GLCRAL	[0.36418663102955834]
GLCRD	[0.36418663102955834]
GLNS	[0.007626291045633438]
FEENTERabcpp	[0.011626455766602607]
GLNTRS	[np.float64(0.0037751224030668573)]
GLNabcpp	[0.00228571606329083]
GLCRt2rpp	[0.36418663102955834]
GLCRtex	[0.00044489429360646855]
GLCS1	[0.009450588052700914]
GLNtex	[0.00044489429360646855]
GLTPD	[0.36418663102955834]
GLCUR1Ptex	[0.00044489429360646855]
GLCURt2rpp	[0.36418663102955834]
GLU5K	[np.float64(0.0037751224030668573)]
FEENTERtonex	[np.float64(0.0037751224030668573)]
GLUCYS	[0.005085019785456431]
GLCURtex	[0.00044489429360646855]
FEENTERtpp	[0.06338488349888712]
FEOXAMabcpp	[0.011729682147820065]
GLYCtpp	[0.2644004341491885]
GLYK	[0.010907370510271778]
GLUDxi	[0.0026262945680044585]
FEOXAMtonex	[np.float64(0.0037751224030668573)]
GLUDy	[0.0026262945680044585]
GLUN	[0.010515272210115037]
GLUNpp	[0.09558659366636922]
GLUPRT	[np.float64(0.0037751224030668573)]
GLUR	[0.004807732417914866]
GLYOX	[0.03865134692277772]
GLYTRS	[np.float64(0.0037751224030668573)]
GLYt2pp	[0.0026425919301260336]
GLYt4pp	[0.36418663102955834]
GLYtex	[0.00044489429360646855]
GMHEPAT	[0.007534073541973199]
GLUSy	[0.04281465456932325]
GMHEPK	[0.007534073541973199]
GLUTRR	[np.float64(0.0037751224030668573)]
FEROpp	[0.005472316657112654]
GLUTRS	[np.float64(0.0037751224030668573)]
GLUabcpp	[0.0022884703660405676]
GLUt2rpp	[0.038733187685561714]
GMHEPPA	[0.004670784681346172]
GMPR	[np.float64(0.0037751224030668573)]
GMPS2	[0.0031071059121082767]
GMPtex	[0.00044489429360646855]
GLUt4pp	[0.03457112959016958]
GND	[0.005678680707352073]
FFSD	[0.36418663102955834]
GNK	[0.36418663102955834]
GP4GH	[0.0065652731950216125]
GLUtex	[0.00044489429360646855]
GLYALDtex	[0.00044489429360646855]
GLYALDtpp	[0.2644004341491885]
GPDDA1	[0.049496596445290315]
FFSD1r	[0.11618310019171721]
GPDDA1pp	[0.038733187685561714]
GPDDA2	[0.049496596445290315]
GPDDA2pp	[0.038733187685561714]
GPDDA3	[0.049496596445290315]
GPDDA3pp	[0.038733187685561714]
GPDDA4	[0.049496596445290315]
GLYAT	[np.float64(0.0037751224030668573)]
GLYBabcpp	[0.007728379785002437]
GLYBt2pp	[0.008236520983855723]
GLYBtex	[0.00044489429360646855]
GLYC2Ptex	[0.00044489429360646855]
GPDDA4pp	[0.038733187685561714]
GLYC3Pabcpp	[0.36418663102955834]
FGLU	[0.36418663102955834]
GLYC3Pt6pp	[0.13621607877956052]
GLYC3Ptex	[0.00044489429360646855]
GPDDA5	[0.049496596445290315]
GPDDA5pp	[0.038733187685561714]
GRTT	[0.005085019785456431]
GLYCAt2rpp	[0.36418663102955834]
FHL	[0.36418663102955834]
GLYCAtex	[0.00044489429360646855]
GRXR	[0.0029851307588086348]
GSNK	[0.00782258308557181]
FLDR	[0.0028804584238379554]
GSNt2pp	[0.36418663102955834]
GSNtex	[0.00044489429360646855]
GSPMDA	[0.005085019785456431]
GSPMDS	[0.005085019785456431]
GLYCDH	[0.36418663102955834]
GLYCDx	[0.010673422627136926]
GLYCK2	[0.010693738070993277]
GLYCL	[0.0023155088553524204]
GLYCLTDx	[0.005085019785456431]
GLYCLTDy	[0.005085019785456431]
GLYCLTt2rpp	[0.1690045981533001]
GTHOXtex	[0.00044489429360646855]
GTHOr	[np.float64(0.0037751224030668573)]
GTHRDHpp	[0.011955191796019952]
GTHRDabc2pp	[0.005177484062654752]
GLYCLTt4pp	[0.010738880574540512]
FLVR	[np.float64(0.0037751224030668573)]
GLYCLTtex	[0.00044489429360646855]
GLYCtex	[0.00044489429360646855]
GTHRDabcpp	[0.007711135875088314]
FLVRx	[np.float64(0.0037751224030668573)]
GTHRDtex	[0.00044489429360646855]
GTHS	[np.float64(0.0037751224030668573)]
FMETTRS	[np.float64(0.0037751224030668573)]
GTPCI	[0.0031835523769327898]
GTPCII2	[np.float64(0.0037751224030668573)]
H2tex	[0.00044489429360646855]
H2tpp	[0.011996981791048779]
GTPDPDP	[np.float64(0.0037751224030668573)]
HACD1i	[0.0034570894407536436]
GTPDPK	[0.007420551076133361]
FMNAT	[np.float64(0.0037751224030668573)]
GTPtex	[0.00044489429360646855]
GUAD	[0.36418663102955834]
GUAPRT	[np.float64(0.0037751224030668573)]
GUAt2pp	[0.36418663102955834]
GUAtex	[0.005867275432420022]
GUAtpp	[0.36418663102955834]
HACD2i	[0.0034570894407536436]
HACD3i	[0.0034570894407536436]
HACD4i	[0.0034570894407536436]
HACD5i	[0.0034570894407536436]
HACD6i	[0.0034570894407536436]
HACD7i	[0.0034570894407536436]
GUI1	[0.009343457072628878]
GUI2	[0.009343457072628878]
H2O2tex	[0.00044489429360646855]
FMNRx	[np.float64(0.0037751224030668573)]
H2Otex	[0.00044489429360646855]
H2Otpp	[0.36418663102955834]
HACD8i	[0.0034570894407536436]
FMNRx2	[np.float64(0.0037751224030668573)]
H2Stex	[0.00044489429360646855]
FORAMD	[0.3698660109855745]
HADPCOADH	[np.float64(0.0037751224030668573)]
HBZOPT	[0.009430457028707545]
HCINNMt2rpp	[0.36418663102955834]
HCINNMtex	[0.00044489429360646855]
HCO3E	[np.float64(0.0037751224030668573)]
FORt2pp	[0.004670784681346172]
HXAtex	[0.00044489429360646855]
FORtex	[0.00044489429360646855]
HXCT	[0.006024885459067501]
HXPRT	[np.float64(0.0037751224030668573)]
HYD1pp	[0.36418663102955834]
HYPOE	[0.011996981791048779]
HYXNtex	[0.00044489429360646855]
HCYSMT	[0.0074693704081509075]
HCYSMT2	[0.0074693704081509075]
HDCAtexi	[0.004978997563790298]
HDCEAtexi	[0.004978997563790298]
CTECOAI7	[0.0034570894407536436]
HEMEOS	[0.0031071059121082767]
HEPT1	[0.007420551076133361]
HEPT2	[np.float64(0.0037751224030668573)]
Htex	[0.00044489429360646855]
ICDHyr	[0.00026195109761855366]
ICHORS_copy1	[0.11618310019171721]
ICHORS_copy2	[0.36418663102955834]
HEPT3	[0.1175136559139859]
ICHORT	[0.36418663102955834]
FORtppi	[0.004670784681346172]
ICL	[0.0031071059121082767]
IDONtex	[0.00044489429360646855]
IG3PS	[0.006552672731309886]
HETZK	[0.0038890946803244]
HEX1	[0.006552672731309886]
IGPDH	[0.004807732417914866]
HEX7	[0.007847527577973334]
IGPS	[0.005086072147313333]
FRD2	[0.008921570346682334]
ILETA	[0.009430457028707545]
HG2abcpp	[0.09106253595232988]
ILETRS	[np.float64(0.0037751224030668573)]
FRD3	[0.008921570346682334]
ILEabcpp	[0.0467276975904941]
ILEt2rpp	[0.005093711514867138]
ILEtex	[0.00044489429360646855]
IMPC	[0.010738880574540512]
IMPD	[0.003155811966589271]
HG2t3pp	[0.008786066815152918]
HG2tex	[0.00044489429360646855]
HHDDI	[0.004720293090059658]
IMPtex	[0.00044489429360646855]
FRUK	[0.057815974310841456]
INDOLEt2pp	[0.36418663102955834]
INDOLEt2rpp	[0.36418663102955834]
INDOLEtex	[0.00044489429360646855]
HISDr	[0.36418663102955834]
HISTD	[0.36418663102955834]
HISTP	[0.004807732417914866]
FRULYStex	[0.00044489429360646855]
HISTRS	[np.float64(0.0037751224030668573)]
HISabcpp	[0.002239110529225358]
INS2D	[0.11618310019171721]
INSH	[0.0047556850229273405]
INSK	[0.00782258308557181]
FRUURtex	[0.00044489429360646855]
HISt2rpp	[0.00962714659065081]
HIStex	[0.00044489429360646855]
GALCTND	[0.36418663102955834]
HKNDDH	[0.36418663102955834]
HKNTDH	[0.36418663102955834]
INSTt2	[0.011996981791048779]
INSTtex	[0.00044489429360646855]
HMBS	[0.003181365662768151]
HMPK1	[0.006049252798713657]
INSt2pp	[0.36418663102955834]
INStex	[0.005867275432420022]
HOMt2pp	[0.009863428404933523]
IPDDI	[np.float64(0.0037751224030668573)]
ACACT9	[np.float64(0.0037751224030668573)]
IPDPS	[0.004061518114035207]
IPMD	[0.044002512285435016]
IPPMIa	[0.038733187685561714]
IPPMIb	[0.038733187685561714]
IPPS	[0.037374032531598024]
ISETACabcpp	[0.040089130149306415]
ISETACtex	[0.00044489429360646855]
HOMtex	[0.00044489429360646855]
HOPNTAL	[0.36418663102955834]
HPA3MO	[0.004679003870629201]
HPACt2r	[0.057815974310841456]
HPPK2	[0.36418663102955834]
HPPPNDO	[0.36418663102955834]
HPPPNt2rpp	[0.36418663102955834]
IZPN	[0.36418663102955834]
ACACT12	[np.float64(0.0037751224030668573)]
K2L4Aabcpp	[np.float64(0.0037751224030668573)]
HPPPNtex	[0.00044489429360646855]
HPYRRx	[0.005085019785456431]
HPYRRy	[0.005085019785456431]
K2L4Atex	[0.011996981791048779]
HSDy	[0.009863428404933523]
ACACT8r	[np.float64(0.0037751224030668573)]
HSK	[0.009867148312634825]
HSST	[0.010928893948082882]
HSTPT	[0.36418663102955834]
KARA1	[0.010453318511648942]
KARA2	[0.010453318511648942]
KAS14	[0.0033016349418232764]
KAS15	[0.010693738070993277]
KAT1	[np.float64(0.0037751224030668573)]
ACACT10	[np.float64(0.0037751224030668573)]
ACACT11	[np.float64(0.0037751224030668573)]
KDOCT2	[np.float64(0.0037751224030668573)]
ACACT8	[np.float64(0.0037751224030668573)]
ACACT13	[np.float64(0.0037751224030668573)]
KDOPP	[0.004470752961793577]
KDOPS	[np.float64(0.0037751224030668573)]
LPLIPAL1G160pp	[np.float64(0.0037751224030668573)]
MALTTRabcpp	[0.11585181299577449]
LPLIPAL1G161pp	[np.float64(0.0037751224030668573)]
KG6PDC	[0.36418663102955834]
LPLIPAL1G180pp	[np.float64(0.0037751224030668573)]
LPLIPAL1G181pp	[np.float64(0.0037751224030668573)]
MALTTRtexi	[0.36418663102955834]
MALTTTRabcpp	[0.11585181299577449]
MALTTTRtexi	[0.36418663102955834]
LPLIPAL2A120	[np.float64(0.0037751224030668573)]
MALTabcpp	[0.11585181299577449]
Kabcpp	[0.36418663102955834]
MALTptspp	[0.0025264714377047867]
MALTtexi	[0.36418663102955834]
LPLIPAL2A140	[np.float64(0.0037751224030668573)]
LPLIPAL2A141	[np.float64(0.0037751224030668573)]
LPLIPAL2A160	[np.float64(0.0037751224030668573)]
LPLIPAL2A161	[np.float64(0.0037751224030668573)]
LPLIPAL2A180	[np.float64(0.0037751224030668573)]
MALt2_2pp	[0.004216064137621043]
MALt2_3pp	[0.008082478018745513]
MALtex	[0.00044489429360646855]
MAN6PI	[np.float64(0.0037751224030668573)]
MAN6Pt6_2pp	[0.36418663102955834]
LPLIPAL2A181	[np.float64(0.0037751224030668573)]
Kt2pp	[0.010494831186402109]
LPLIPAL2ATE120	[np.float64(0.0037751224030668573)]
MAN6Ptex	[0.00044489429360646855]
MANAO	[0.36418663102955834]
LPLIPAL2ATE140	[np.float64(0.0037751224030668573)]
MANGLYCtex	[0.00044489429360646855]
Kt3pp	[0.11618310019171721]
MANptspp	[0.0025264714377047867]
LPLIPAL2ATE141	[np.float64(0.0037751224030668573)]
LPLIPAL2ATE160	[np.float64(0.0037751224030668573)]
MANtex	[0.00044489429360646855]
LPLIPAL2ATE161	[np.float64(0.0037751224030668573)]
Ktex	[0.00044489429360646855]
LPLIPAL2ATE180	[np.float64(0.0037751224030668573)]
MCOATA	[0.00031152199309638983]
L_LACD2	[0.09670488717289068]
MCPST	[np.float64(0.0037751224030668573)]
MCTP1App	[np.float64(0.0037751224030668573)]
LPLIPAL2ATE181	[np.float64(0.0037751224030668573)]
LPLIPAL2ATG120	[np.float64(0.0037751224030668573)]
LPLIPAL2ATG140	[np.float64(0.0037751224030668573)]
LPLIPAL2ATG141	[np.float64(0.0037751224030668573)]
LPLIPAL2ATG160	[np.float64(0.0037751224030668573)]
MCTP1Bpp	[np.float64(0.0037751224030668573)]
MCTP2App	[np.float64(0.0037751224030668573)]
MDDCP1pp	[0.004680191439344201]
MDDCP2pp	[0.004680191439344201]
MDDCP3pp	[0.004680191439344201]
LPLIPAL2ATG161	[np.float64(0.0037751224030668573)]
LPLIPAL2ATG180	[np.float64(0.0037751224030668573)]
MDDCP4pp	[0.004680191439344201]
L_LACD3	[0.09670488717289068]
MDDCP5pp	[0.004680191439344201]
MDDEP1pp	[0.008209372190343846]
LPLIPAL2ATG181	[np.float64(0.0037751224030668573)]
LPLIPAL2E120	[np.float64(0.0037751224030668573)]
L_LACt2rpp	[0.1690045981533001]
LPLIPAL2E140	[np.float64(0.0037751224030668573)]
LPLIPAL2E141	[np.float64(0.0037751224030668573)]
MDDEP2pp	[0.008209372190343846]
MDDEP3pp	[0.008209372190343846]
MDDEP4pp	[0.008209372190343846]
LPLIPAL2E160	[np.float64(0.0037751224030668573)]
L_LACtex	[0.00044489429360646855]
LPLIPAL2E161	[np.float64(0.0037751224030668573)]
MDH	[0.0021259449913262024]
MDH2	[0.008426630911007522]
MDH3	[0.008426630911007522]
MDRPD	[0.011996981791048779]
ME1	[0.008206799265468535]
LPLIPAL2E180	[np.float64(0.0037751224030668573)]
LPLIPAL2E181	[np.float64(0.0037751224030668573)]
LPLIPAL2G120	[np.float64(0.0037751224030668573)]
LPLIPAL2G140	[np.float64(0.0037751224030668573)]
LPLIPAL2G141	[np.float64(0.0037751224030668573)]
LPLIPAL2G160	[np.float64(0.0037751224030668573)]
ME2	[0.0034570894407536436]
MECDPDH2	[np.float64(0.0037751224030668573)]
MECDPS	[0.006247485595788368]
LPLIPAL2G161	[np.float64(0.0037751224030668573)]
LA4NTpp	[0.36418663102955834]
LPLIPAL2G180	[np.float64(0.0037751224030668573)]
MELIBt2pp	[0.36418663102955834]
MELIBt3ipp	[0.36418663102955834]
MELIBtex	[0.00044489429360646855]
MEPCT	[0.006229253700498225]
LPLIPAL2G181	[np.float64(0.0037751224030668573)]
LSERDHr	[np.float64(0.0037751224030668573)]
METAT	[0.00808817434604795]
LYSDC	[np.float64(0.0037751224030668573)]
LACZ	[0.36418663102955834]
LYSTRS	[np.float64(0.0037751224030668573)]
LYSabcpp	[0.0021356789492379493]
METDabcpp	[0.005207512530174762]
METDtex	[0.00044489429360646855]
METS	[np.float64(0.0037751224030668573)]
METSOX1tex	[0.00044489429360646855]
LYSt2pp	[0.03457112959016958]
LYSt3pp	[0.36418663102955834]
LYStex	[0.00044489429360646855]
LYXI	[0.3698660109855745]
METSOX2tex	[0.00044489429360646855]
LACZpp	[np.float64(0.0037751224030668573)]
METSOXR1	[0.0023331392383048196]
LYXt2pp	[0.36418663102955834]
LYXtex	[0.00044489429360646855]
M1PD	[0.008663020730684312]
METSOXR2	[0.0023331392383048196]
MACPD	[0.0033016349418232764]
LADGMDH	[0.0070131077605824115]
MACPT	[0.36418663102955834]
MALDDH	[0.36418663102955834]
METTRS	[0.00732376094652842]
METabcpp	[0.005207512530174762]
METtex	[0.00044489429360646855]
MALDt2_2pp	[0.004216064137621043]
MALDtex	[0.00044489429360646855]
MG2t3_2pp	[0.011996981791048779]
MALS	[0.002733188655115621]
LALDO2x	[0.034743495976679056]
MALTATr	[0.004720293090059658]
MG2tex	[0.00044489429360646855]
MG2tpp	[0.049496596445290315]
MALTHXabcpp	[0.11585181299577449]
MG2uabcpp	[0.36418663102955834]
LALGP	[np.float64(0.0037751224030668573)]
MGSA	[0.005085019785456431]
MI1PP	[0.11618310019171721]
MLTG1	[0.36418663102955834]
MLTG2	[0.36418663102955834]
MALTHXtexi	[0.36418663102955834]
MALTPTabcpp	[0.11585181299577449]
MALTPTtexi	[0.36418663102955834]
LCADi	[0.006196422233759262]
LCARR	[0.049496596445290315]
MLTG3	[0.36418663102955834]
LCARS	[0.049496596445290315]
MLTG4	[0.36418663102955834]
N2Otex	[0.00044489429360646855]
MLTG5	[0.36418663102955834]
N2Otpp	[0.011996981791048779]
LCTSt3ipp	[0.11585181299577449]
NACODA	[0.008073410638321109]
MLTGY1pp	[0.003952063370959635]
LCTStex	[0.00044489429360646855]
MLTGY2pp	[0.003952063370959635]
MLTGY3pp	[0.003952063370959635]
NACtex	[0.00044489429360646855]
NACtpp	[0.011996981791048779]
NADDP	[0.003866982555163541]
MLTGY4pp	[0.003952063370959635]
LCTStpp	[0.36418663102955834]
MLTP1	[0.011080972765430156]
MLTP2	[0.011080972765430156]
NADH10	[0.36418663102955834]
NADH16pp	[np.float64(0.0037751224030668573)]
NADH17pp	[np.float64(0.0037751224030668573)]
NADH18pp	[np.float64(0.0037751224030668573)]
NADH5	[0.36418663102955834]
NADH9	[0.36418663102955834]
MLTP3	[0.011080972765430156]
MMETt2pp	[0.36418663102955834]
MMETtex	[0.00044489429360646855]
NADHNQR	[0.03865134692277772]
LDH_D	[np.float64(0.0037751224030668573)]
NADK	[0.008152542327759338]
NADN	[0.011996981791048779]
NADPHQR2	[0.05752396166613125]
MMSAD2	[0.36418663102955834]
LDH_D2	[np.float64(0.0037751224030668573)]
MMSAD3	[0.09725277033629458]
NADPHQR3	[0.05752396166613125]
NADPHQR4	[0.05752396166613125]
MN2t3pp	[0.007990752224301243]
LEUTAi	[np.float64(0.0037751224030668573)]
MN2tpp	[0.007534073541973199]
LEUTRS	[np.float64(0.0037751224030668573)]
MN6PP	[0.008154069440376917]
MNLptspp	[0.0025264714377047867]
NADS1	[np.float64(0.0037751224030668573)]
MNLtex	[0.00044489429360646855]
LEUabcpp	[0.0467276975904941]
MNNH	[0.011561695385572926]
MNt2pp	[0.13968654267640898]
MNtex	[0.00044489429360646855]
MOAT	[0.0074693704081509075]
MOAT2	[0.0074693704081509075]
NADTRHD	[0.002756412350655887]
NAMNPP	[0.007711135875088314]
NAt3_1p5pp	[0.009863428404933523]
NAt3_2pp	[np.float64(0.0037751224030668573)]
NAt3pp	[0.36418663102955834]
MOBDabcpp	[0.010813253328978773]
MOBDtex	[0.00044489429360646855]
NAtex	[0.00044489429360646855]
LEUt2rpp	[0.005093711514867138]
NDPK1	[np.float64(0.0037751224030668573)]
NDPK2	[np.float64(0.0037751224030668573)]
NDPK3	[np.float64(0.0037751224030668573)]
MOHMT	[0.004492050690103785]
MPTG	[np.float64(0.0037751224030668573)]
MPTG2	[np.float64(0.0037751224030668573)]
NDPK4	[np.float64(0.0037751224030668573)]
MSO3abcpp	[0.040089130149306415]
NDPK5	[np.float64(0.0037751224030668573)]
LEUtex	[0.00044489429360646855]
NDPK6	[np.float64(0.0037751224030668573)]
NDPK7	[np.float64(0.0037751224030668573)]
MSO3tex	[0.00044489429360646855]
MTAN	[0.0037570865014269197]
MTHFC	[0.004720293090059658]
NDPK8	[np.float64(0.0037751224030668573)]
NH4tex	[0.00044489429360646855]
NH4tpp	[0.36418663102955834]
NHFRBO	[0.36418663102955834]
MTHFD	[0.004720293090059658]
MTHFR2	[0.36418663102955834]
MTRI	[0.008100160504706326]
MTRK	[0.008054400077564385]
NI2abcpp	[0.09106253595232988]
NI2t3pp	[0.007990752224301243]
LGTHL	[0.002876625176784109]
NI2tex	[0.00044489429360646855]
NI2tpp	[0.049496596445290315]
NI2uabcpp	[0.36418663102955834]
MTRPOX	[np.float64(0.0037751224030668573)]
MUCCYCI	[0.008948058922044961]
MUCLI	[0.0038890946803244]
NMNAT	[0.03643419826348136]
NMNN	[0.011996981791048779]
LIPACabcpp	[np.float64(0.0037751224030668573)]
NMNPtpp	[0.010693738070993277]
LIPAHT2ex	[0.006004553629289123]
NMNt7pp	[0.011996981791048779]
LIPAHTex	[0.006004553629289123]
NMNtex	[0.00044489429360646855]
NNATr	[0.07029770392535944]
NNDMBRT	[0.1455346753330637]
NNDPR	[0.0043860480047314965]
NNAM	[0.004807732417914866]
NO2t2rpp	[0.36418663102955834]
LIPAabcpp	[np.float64(0.0037751224030668573)]
NO2tex	[0.00044489429360646855]
NO3R1pp	[0.36418663102955834]
NO3R2pp	[0.36418663102955834]
NO3t7pp	[0.36418663102955834]
NO3tex	[0.00044489429360646855]
NODOx	[0.0031835523769327898]
NTPTP1	[0.0071025192866629476]
NTPTP2	[0.0071025192866629476]
LPADSS	[0.03439688867873218]
NTRIR2x	[0.36418663102955834]
NODOy	[0.0031835523769327898]
NOtex	[0.00044489429360646855]
NOtpp	[0.011996981791048779]
O2Stex	[0.00044489429360646855]
O2tex	[0.00044489429360646855]
NPHS	[0.36418663102955834]
LPLIPAL1A120pp	[np.float64(0.0037751224030668573)]
NTD1	[np.float64(0.0037751224030668573)]
O2tpp	[0.011996981791048779]
OAADC	[0.40845104839923607]
NTD10	[0.004807732417914866]
LPLIPAL1A140pp	[np.float64(0.0037751224030668573)]
NTD10pp	[0.00905149050203237]
NTD11	[0.004807732417914866]
OBTFL	[np.float64(0.0037751224030668573)]
OCBT	[0.36418663102955834]
NTD11pp	[0.00905149050203237]
OCDCAtexi	[0.004978997563790298]
LPLIPAL1A141pp	[np.float64(0.0037751224030668573)]
OCDCEAtexi	[0.004978997563790298]
OCTAtex	[0.00044489429360646855]
OCTDPS	[0.004445871626959264]
NTD12	[np.float64(0.0037751224030668573)]
NTD12pp	[0.00905149050203237]
NTD1pp	[0.00905149050203237]
NTD2	[0.004807732417914866]
NTD2pp	[0.00905149050203237]
NTD3	[np.float64(0.0037751224030668573)]
CTECOAI8	[0.0034570894407536436]
OHEDH	[0.007626291045633438]
OHPBAT	[np.float64(0.0037751224030668573)]
NTD3pp	[0.00905149050203237]
LPLIPAL1A160pp	[np.float64(0.0037751224030668573)]
NTD4	[0.004807732417914866]
OHPHM	[np.float64(0.0037751224030668573)]
OMBZLM	[np.float64(0.0037751224030668573)]
OMCDC	[0.044002512285435016]
OMMBLHX	[0.00704738922431175]
NTD4pp	[0.00905149050203237]
NTD5	[np.float64(0.0037751224030668573)]
LPLIPAL1A161pp	[np.float64(0.0037751224030668573)]
NTD5pp	[0.00905149050203237]
NTD6	[np.float64(0.0037751224030668573)]
OMPDC	[0.05264076825431193]
OMPHHX	[np.float64(0.0037751224030668573)]
OP4ENH	[0.3698660109855745]
NTD6pp	[0.00905149050203237]
OPHBDC	[0.005199214315480077]
NTD7	[0.004807732417914866]
LPLIPAL1A180pp	[np.float64(0.0037751224030668573)]
NTD7pp	[0.00905149050203237]
NTD8	[np.float64(0.0037751224030668573)]
NTD8pp	[0.00905149050203237]
NTD9	[0.004807732417914866]
NTD9pp	[0.00905149050203237]
OPHHX	[0.004720293090059658]
OPHHX3	[0.011996981791048779]
OPTCCL	[0.008243346384100734]
ORNDC	[0.36418663102955834]
ORNabcpp	[0.0021356789492379493]
ORNtex	[0.00044489429360646855]
NTP1	[np.float64(0.0037751224030668573)]
NTP10	[np.float64(0.0037751224030668573)]
OROTt2_2pp	[0.004216064137621043]
LPLIPAL1A181pp	[np.float64(0.0037751224030668573)]
OROTtex	[0.00044489429360646855]
ORPT	[0.003931757068791163]
NTP11	[0.003988347836519733]
NTP12	[0.003988347836519733]
LPLIPAL1E120pp	[np.float64(0.0037751224030668573)]
NTP3	[np.float64(0.0037751224030668573)]
OXGDC2	[0.36418663102955834]
NTP5	[np.float64(0.0037751224030668573)]
LPLIPAL1E140pp	[np.float64(0.0037751224030668573)]
NTPP1	[0.037374032531598024]
OXOAEL	[0.007846766935129852]
LPLIPAL1E141pp	[np.float64(0.0037751224030668573)]
OXPTNDH	[0.003514611629172871]
NTPP10	[0.010430433373040964]
NTPP11	[0.010430433373040964]
P5CD	[0.36418663102955834]
NTPP2	[0.037374032531598024]
LPLIPAL1E160pp	[np.float64(0.0037751224030668573)]
NTPP3	[0.011120593674333665]
NTPP4	[0.03865134692277772]
NTPP5	[0.006656699159017143]
NTPP6	[0.03865134692277772]
P5CR	[np.float64(0.0037751224030668573)]
PA120abcpp	[np.float64(0.0037751224030668573)]
PA140abcpp	[np.float64(0.0037751224030668573)]
PA141abcpp	[np.float64(0.0037751224030668573)]
PA160abcpp	[np.float64(0.0037751224030668573)]
PA161abcpp	[np.float64(0.0037751224030668573)]
NTPP7	[0.011120593674333665]
NTPP8	[0.03865134692277772]
LPLIPAL1E161pp	[np.float64(0.0037751224030668573)]
NTPP9	[0.010430433373040964]
PA180abcpp	[np.float64(0.0037751224030668573)]
PA181abcpp	[np.float64(0.0037751224030668573)]
LPLIPAL1E180pp	[np.float64(0.0037751224030668573)]
PACALDt2rpp	[0.011996981791048779]
PACALDtex	[0.00044489429360646855]
PAPA180	[0.004807732417914866]
PACCOAL	[np.float64(0.0037751224030668573)]
PAPA180pp	[0.004807732417914866]
LPLIPAL1E181pp	[np.float64(0.0037751224030668573)]
PAPA181	[0.004807732417914866]
PANTS	[np.float64(0.0037751224030668573)]
PAPA120	[0.004807732417914866]
LPLIPAL1G120pp	[np.float64(0.0037751224030668573)]
PAPA120pp	[0.004807732417914866]
PAPA140	[0.004807732417914866]
PAPA181pp	[0.004807732417914866]
PAPPT3	[0.08339855989950294]
PAPA140pp	[0.004807732417914866]
PAPA141	[0.004807732417914866]
PAPSR	[0.0023331392383048196]
PAPSR2	[0.0029851307588086348]
PDE1	[0.009651318168455696]
PDH	[0.0023155088553524204]
PDX5PO2	[0.011996981791048779]
PAPA141pp	[0.004807732417914866]
PAPA160	[0.004807732417914866]
PAPA160pp	[0.004807732417914866]
PDX5POi	[0.004807732417914866]
LPLIPAL1G140pp	[np.float64(0.0037751224030668573)]
PDX5PS	[0.007255395747129922]
PDXPP	[0.011996981791048779]
PE120abcpp	[np.float64(0.0037751224030668573)]
PAPA161	[0.004807732417914866]
PAPA161pp	[0.004807732417914866]
EX_chol_e	[0.011996981791048779]
PE140abcpp	[np.float64(0.0037751224030668573)]
LPLIPAL1G141pp	[np.float64(0.0037751224030668573)]
PE141abcpp	[np.float64(0.0037751224030668573)]
PLIPA2G161pp	[0.009450588052700914]
PE160abcpp	[np.float64(0.0037751224030668573)]
PE161abcpp	[np.float64(0.0037751224030668573)]
PE180abcpp	[np.float64(0.0037751224030668573)]
PE181abcpp	[np.float64(0.0037751224030668573)]
PEAMNOpp	[0.007420551076133361]
PGPP180	[0.004807732417914866]
PGPP180pp	[0.004807732417914866]
PGPP181	[0.004807732417914866]
PGPP181pp	[0.004807732417914866]
PGSA120	[0.00483915599448067]
PGSA140	[0.00483915599448067]
PGSA141	[0.00483915599448067]
PGSA160	[0.00483915599448067]
PGSA161	[0.00483915599448067]
PEAMNtex	[0.00044489429360646855]
PERD	[np.float64(0.0037751224030668573)]
PETNT161pp	[0.11618310019171721]
PETNT181pp	[0.11618310019171721]
PFK	[np.float64(0.0037751224030668573)]
PFK_2	[np.float64(0.0037751224030668573)]
PFL	[np.float64(0.0037751224030668573)]
PGSA180	[0.00483915599448067]
PGSA181	[0.00483915599448067]
PHACOAOR	[0.002973188735356846]
PG120abcpp	[np.float64(0.0037751224030668573)]
PLIPA2G180pp	[0.009450588052700914]
PG140abcpp	[np.float64(0.0037751224030668573)]
PG141abcpp	[np.float64(0.0037751224030668573)]
PHEMEabcpp	[0.36418663102955834]
PHEMEtiex	[0.011996981791048779]
PHETA1	[0.002771762468017001]
PHETRS	[0.005678680707352073]
PG160abcpp	[np.float64(0.0037751224030668573)]
PG161abcpp	[np.float64(0.0037751224030668573)]
PHEt2rpp	[0.00962714659065081]
PLIPA2G181pp	[0.009450588052700914]
PHEtex	[0.00044489429360646855]
PG180abcpp	[np.float64(0.0037751224030668573)]
PG181abcpp	[np.float64(0.0037751224030668573)]
PGAMT	[0.005376822671745785]
PGCD	[np.float64(0.0037751224030668573)]
PGI	[np.float64(0.0037751224030668573)]
PIt2rpp	[0.008663020730684312]
PItex	[0.00044489429360646855]
PIuabcpp	[0.007711135875088314]
PLIPA1A120pp	[0.009450588052700914]
PLIPA1A140pp	[0.009450588052700914]
PGK	[0.0027357294392528746]
PGL	[np.float64(0.0037751224030668573)]
PMANM	[0.011996981791048779]
PGLYCP	[0.006901591232294102]
PGM	[0.0023143334964889272]
PGMT	[np.float64(0.0037751224030668573)]
PLIPA1A141pp	[0.009450588052700914]
PLIPA1A160pp	[0.009450588052700914]
PLIPA1A161pp	[0.009450588052700914]
PLIPA1A180pp	[0.009450588052700914]
PGP120abcpp	[np.float64(0.0037751224030668573)]
PMDPHT	[np.float64(0.0037751224030668573)]
PGP140abcpp	[np.float64(0.0037751224030668573)]
PGP141abcpp	[np.float64(0.0037751224030668573)]
PGP160abcpp	[np.float64(0.0037751224030668573)]
PGP161abcpp	[np.float64(0.0037751224030668573)]
PLIPA1A181pp	[0.009450588052700914]
PLIPA1E120pp	[0.009450588052700914]
PLIPA1E140pp	[0.009450588052700914]
PGP180abcpp	[np.float64(0.0037751224030668573)]
PLIPA1E141pp	[0.009450588052700914]
PMPK	[0.007331260013820741]
PLIPA1E160pp	[0.009450588052700914]
PGP181abcpp	[np.float64(0.0037751224030668573)]
PGPP120	[0.004807732417914866]
PGPP120pp	[0.004807732417914866]
PGPP140	[0.004807732417914866]
PGPP140pp	[0.004807732417914866]
PLIPA1E161pp	[0.009450588052700914]
PLIPA1E180pp	[0.009450588052700914]
PLIPA1E181pp	[0.009450588052700914]
PLIPA1G120pp	[0.009450588052700914]
PGPP141	[0.004807732417914866]
PNTK	[0.05340545836315141]
PGPP141pp	[0.004807732417914866]
PGPP160	[0.004807732417914866]
PLIPA1G140pp	[0.009450588052700914]
PLIPA1G141pp	[0.009450588052700914]
PLIPA1G160pp	[0.009450588052700914]
PGPP160pp	[0.004807732417914866]
PGPP161	[0.004807732417914866]
PLIPA1G161pp	[0.009450588052700914]
PGPP161pp	[0.004807732417914866]
PLIPA1G180pp	[0.009450588052700914]
PNTOt4pp	[0.26112324498177947]
PLIPA1G181pp	[0.009450588052700914]
PNTOtex	[0.00044489429360646855]
PLIPA2A120pp	[0.009450588052700914]
PLIPA2A140pp	[0.009450588052700914]
PLIPA2A141pp	[0.009450588052700914]
PSD120	[np.float64(0.0037751224030668573)]
PSD140	[np.float64(0.0037751224030668573)]
PSD141	[np.float64(0.0037751224030668573)]
PLIPA2A160pp	[0.009450588052700914]
POX	[0.0046113205325729245]
PLIPA2A161pp	[0.009450588052700914]
PLIPA2A180pp	[0.009450588052700914]
PSD160	[np.float64(0.0037751224030668573)]
PSD161	[np.float64(0.0037751224030668573)]
PLIPA2A181pp	[0.009450588052700914]
PPA	[np.float64(0.0037751224030668573)]
PLIPA2E120pp	[0.009450588052700914]
PLIPA2E140pp	[0.009450588052700914]
PSD180	[np.float64(0.0037751224030668573)]
PSD181	[np.float64(0.0037751224030668573)]
PLIPA2E141pp	[0.009450588052700914]
PSERT	[np.float64(0.0037751224030668573)]
PLIPA2E160pp	[0.009450588052700914]
PPA2	[0.004807732417914866]
PLIPA2E161pp	[0.009450588052700914]
PSERtex	[0.00044489429360646855]
PSP_L	[0.010693738070993277]
PLIPA2E180pp	[0.009450588052700914]
PSP_Lpp	[0.00905149050203237]
PPAKr	[0.009430457028707545]
PLIPA2E181pp	[0.009450588052700914]
PLIPA2G120pp	[0.009450588052700914]
PSSA120	[np.float64(0.0037751224030668573)]
PPALtex	[0.00044489429360646855]
PSSA140	[np.float64(0.0037751224030668573)]
PSSA141	[np.float64(0.0037751224030668573)]
PLIPA2G140pp	[0.009450588052700914]
PLIPA2G141pp	[0.009450588052700914]
PLIPA2G160pp	[0.009450588052700914]
PSSA160	[np.float64(0.0037751224030668573)]
PPALtpp	[0.011996981791048779]
PSSA161	[np.float64(0.0037751224030668573)]
PSSA180	[np.float64(0.0037751224030668573)]
PPAt4pp	[0.05526705599221245]
PSSA181	[np.float64(0.0037751224030668573)]
PTA2	[0.0045374408325819186]
RIBabcpp	[0.0021709868342063175]
RIBtex	[0.00044489429360646855]
PTAr	[0.0045374408325819186]
PPAtex	[0.00044489429360646855]
PTHRpp	[0.00905149050203237]
PTPATi	[0.007322591861165926]
RMI	[0.3698660109855745]
RMK	[0.36418663102955834]
RMNtex	[0.00044489429360646855]
PTRCTA	[np.float64(0.0037751224030668573)]
PPBNGS	[np.float64(0.0037751224030668573)]
PTRCabcpp	[0.008206799265468535]
RMNtpp	[0.36418663102955834]
RMPA	[0.36418663102955834]
RNDR1	[0.0023331392383048196]
PTRCt2pp	[0.06338488349888712]
PPC	[0.003931627292655671]
PTRCtex	[0.00044489429360646855]
PUNP1	[0.0031071059121082767]
PUNP2	[0.0031071059121082767]
RNDR1b	[0.0029851307588086348]
RNDR2	[0.0023331392383048196]
RNDR2b	[0.0029851307588086348]
RNDR3	[0.0023331392383048196]
RNDR3b	[0.0029851307588086348]
RNDR4	[0.0023331392383048196]
PUNP3	[0.0031071059121082767]
PUNP4	[0.0031071059121082767]
PUNP5	[0.0031071059121082767]
PUNP6	[0.0031071059121082767]
PYAM5PO	[0.004807732417914866]
PYDAMK	[0.0070824053227562305]
PYDXK	[0.0070824053227562305]
RNDR4b	[0.0029851307588086348]
RNTR1c	[0.0028804584238379554]
PPCDC	[0.007807166168817519]
RNTR2c	[0.0028804584238379554]
RNTR3c	[0.0028804584238379554]
RNTR4c	[0.0028804584238379554]
RPE	[0.004670784681346172]
PYDXNK	[0.0070824053227562305]
PYDXPP	[0.011996981791048779]
PYK	[np.float64(0.0037751224030668573)]
PYNP2r	[np.float64(0.0037751224030668573)]
RPI	[0.009430457028707545]
PYRt2rpp	[0.011996981791048779]
PPCK	[0.0035870427354150127]
PYRtex	[0.00044489429360646855]
QMO2	[0.0029197038966963904]
QMO3	[0.0029197038966963904]
QULNS	[0.0802487721976221]
R15BPK	[0.36418663102955834]
RZ5PP	[0.010340075602708826]
Rbtt2	[0.36418663102955834]
S7PI	[np.float64(0.0037751224030668573)]
SADH	[0.0027808398282112433]
SADT2	[0.36418663102955834]
SARCOX	[np.float64(0.0037751224030668573)]
SBTPD	[0.36418663102955834]
SBTptspp	[0.0025264714377047867]
R1PK	[0.011996981791048779]
R5PP	[0.008154069440376917]
R5PPpp	[0.00905149050203237]
SBTtex	[0.00044489429360646855]
R5Ptex	[0.00044489429360646855]
PPDD	[0.36418663102955834]
RBFK	[np.float64(0.0037751224030668573)]
RBFSa	[np.float64(0.0037751224030668573)]
SDPDS	[np.float64(0.0037751224030668573)]
SDPTA	[0.0026742871484337423]
SELCYSS	[0.36418663102955834]
RBFSb	[np.float64(0.0037751224030668573)]
PPGPPDP	[0.006218840901342738]
RBK	[0.008206799265468535]
SELNPS	[np.float64(0.0037751224030668573)]
SERASr	[0.038733187685561714]
SERAT	[0.004753873644971676]
PPK2	[0.007790018004337843]
SERD_D	[0.36418663102955834]
SERD_L	[np.float64(0.0037751224030668573)]
RBK_Dr	[0.36418663102955834]
RBK_L1	[0.36418663102955834]
RBP4E	[0.36418663102955834]
RBTDG	[0.12875713348134224]
SERt2rpp	[0.005858228938543573]
SERt4pp	[0.002217024716162507]
PPK	[0.007790018004337843]
SERtex	[0.00044489429360646855]
SFGTHi	[np.float64(0.0037751224030668573)]
RHCCE	[np.float64(0.0037751224030668573)]
SERTRS	[0.003575362961587932]
SERTRS2	[0.003575362961587932]
SGDS	[np.float64(0.0037751224030668573)]
PPM	[0.003131718932209575]
SGSAD	[0.002599812412199252]
SHCHCC	[0.05264076825431193]
PPM2	[0.003131718932209575]
SHCHCS2	[0.36418663102955834]
SHCHD2	[0.22731981050647007]
PPNCL2	[0.007807166168817519]
SHCHF	[0.22731981050647007]
SHK3Dr	[np.float64(0.0037751224030668573)]
TAUDO	[0.3698660109855745]
TAURabcpp	[0.36418663102955834]
SHKK	[np.float64(0.0037751224030668573)]
PPND	[0.005085019785456431]
SHSL1	[0.11618310019171721]
SKMt2pp	[0.11618310019171721]
TAURtex	[0.00044489429360646855]
TCYNTtex	[0.00044489429360646855]
SKMtex	[0.00044489429360646855]
PPNDH	[0.003841192350991288]
SO2tex	[0.00044489429360646855]
SO2tpp	[0.011996981791048779]
SO3tex	[0.00044489429360646855]
SO4tex	[0.00044489429360646855]
CTECOAI6	[0.0034570894407536436]
TDP	[0.004720293090059658]
TDPADGAT	[0.06008736996258386]
TDPAGTA	[0.03643419826348136]
TDPDRE	[0.463588300989714]
TDPDRR	[0.463588300989714]
SOTA	[0.0026742871484337423]
SPMDAT1	[0.006656699159017143]
TDPGDH	[0.005085019785456431]
PPPGO	[0.010907370510271778]
TDSK	[0.005376822671745785]
TDSR1	[0.004508336708343038]
SPMDAT2	[0.006656699159017143]
SPMDabcpp	[0.008663020730684312]
SPMDtex	[0.00044489429360646855]
TDSR2	[0.007255395747129922]
PPPGO3	[0.010907370510271778]
TGBPA	[0.36418663102955834]
THD2pp	[0.009343457072628878]
THDPS	[np.float64(0.0037751224030668573)]
SPMS	[0.005085019785456431]
SPODM	[0.0021259449913262024]
THIORDXi	[0.0023331392383048196]
SPODMpp	[0.006024885459067501]
PPPNt2rpp	[np.float64(0.0037751224030668573)]
SSALx	[0.003514611629172871]
THMDt2pp	[0.006322627357656415]
THMDtex	[0.00044489429360646855]
THMabcpp	[0.0047556850229273405]
THMtex	[0.00044489429360646855]
SSALy	[0.003514611629172871]
SUCBZL	[0.36418663102955834]
SUCBZS	[0.36418663102955834]
THRA2	[0.0036336825920949287]
SUCCt2_2pp	[0.004216064137621043]
PPPNtex	[0.00044489429360646855]
SUCCt2_3pp	[0.008082478018745513]
SUCCt3pp	[0.011996981791048779]
SUCCtex	[0.00044489429360646855]
THRA	[0.0036336825920949287]
THRD	[0.0031835523769327898]
THRD_L	[np.float64(0.0037751224030668573)]
THRPtex	[0.00044489429360646855]
SUCDi	[0.002126373015143488]
SUCFUMtpp	[0.008082478018745513]
THRS	[0.009343457072628878]
PPRDNDH	[0.11585181299577449]
THRTRS	[np.float64(0.0037751224030668573)]
THRabcpp	[0.0467276975904941]
SUCOAS	[0.002173290432869735]
SUCRtex	[0.36418663102955834]
SUCptspp	[0.3698660109855745]
THRt2pp	[0.006656699159017143]
PPS	[0.002870329341480528]
THRt2rpp	[0.36418663102955834]
THRt4pp	[0.002217024716162507]
THRtex	[0.00044489429360646855]
THYMt3pp	[0.011996981791048779]
THYMtex	[0.00044489429360646855]
SULFACabcpp	[0.040089130149306415]
SULFACtex	[0.00044489429360646855]
SULR	[0.36418663102955834]
SULabcpp	[0.010813253328978773]
T2DECAI	[np.float64(0.0037751224030668573)]
TAGURr	[0.36418663102955834]
TALA	[0.0035835279916302874]
TARTD	[0.36418663102955834]
THZPSN	[0.002173290432869735]
TKT1	[0.0035913918321707765]
TKT2	[0.0035913918321707765]
TARTRt7pp	[0.36418663102955834]
PPTHpp	[0.06821318185656794]
TARTRtex	[0.00044489429360646855]
TMAOR1	[0.36418663102955834]
TMAOR2	[0.36418663102955834]
TMAOtex	[0.00044489429360646855]
PPTtex	[0.00044489429360646855]
TMAtex	[0.00044489429360646855]
TMDK1	[np.float64(0.0037751224030668573)]
TPI	[np.float64(0.0037751224030668573)]
TPRDCOAS	[0.463588300989714]
TMDPP	[0.010373625403179427]
PRAGSr	[0.008948058922044961]
TMDS	[0.004807732417914866]
TMK	[0.1690045981533001]
TRDR	[0.0023331392383048196]
TRE6PH	[0.060430182237883344]
TRE6PP	[0.009430457028707545]
TRE6PS	[0.007984190615626873]
PRAIS	[0.0041796715446625115]
TREH	[0.03865134692277772]
TREHpp	[0.36418663102955834]
TMN	[0.008663020730684312]
TREptspp	[0.0025264714377047867]
PRAIi	[0.005086072147313333]
TREtex	[0.00044489429360646855]
TRPS1	[0.0041294964021968]
TMPK	[0.0038946472177781404]
TMPPP	[0.0074149925373163455]
EX_ca2_e	[0.011996981791048779]
TRPS2	[0.0041294964021968]
PRAMPC	[0.008236520983855723]
TRPS3	[0.0041294964021968]
PRASCSi	[np.float64(0.0037751224030668573)]
TRPTA	[np.float64(0.0037751224030668573)]
TRPTRS	[0.0038491931010867604]
TRPt2rpp	[0.00962714659065081]
TRPtex	[0.00044489429360646855]
UDPGALPpp	[0.011253947229232591]
UDPGALtex	[0.00044489429360646855]
UDPGD	[0.005997914095880187]
UDPGDC	[0.36418663102955834]
UDPGLCURtex	[0.00044489429360646855]
UDPGPpp	[0.011253947229232591]
TRSARr	[0.11585181299577449]
TSULabcpp	[0.15194697372957852]
TSULtex	[0.00044489429360646855]
TTDCAtexi	[0.004978997563790298]
TTDCEAtexi	[0.004978997563790298]
UDPGtex	[0.00044489429360646855]
UDPKAAT	[0.36418663102955834]
UGLCURPpp	[0.011253947229232591]
UGLT	[0.009450588052700914]
UGLYCH	[0.36418663102955834]
UGMDDS	[0.03639953250967642]
TUNGSabcpp	[0.010813253328978773]
TUNGStex	[0.00044489429360646855]
PRATPP	[0.008236520983855723]
TYMtex	[0.00044489429360646855]
TYROXDApp	[0.007420551076133361]
TYRPpp	[0.00905149050203237]
TYRPtex	[0.00044489429360646855]
UHGADA	[0.002102102705752895]
ULA4NFT	[0.36418663102955834]
ULA4Ntppi	[0.011996981791048779]
UM3PL	[0.008988815074424106]
TYRTA	[0.002771762468017001]
PRFGS	[0.010713869161887792]
TYRTRS	[np.float64(0.0037751224030668573)]
UM4PCP	[0.006117823980215606]
UM4PL	[0.008988815074424106]
TYRt2rpp	[0.00962714659065081]
UMPK	[np.float64(0.0037751224030668573)]
UMPtex	[0.00044489429360646855]
UNK3	[0.011996981791048779]
TYRtex	[0.00044489429360646855]
U23GAAT	[np.float64(0.0037751224030668573)]
UAAGDS	[0.010373625403179427]
UPLA4FNF	[0.011996981791048779]
UACGALPpp	[0.011253947229232591]
UPLA4FNT	[0.36418663102955834]
PRMICI	[0.006656699159017143]
UPP3MT	[np.float64(0.0037751224030668573)]
UPP3S	[np.float64(0.0037751224030668573)]
UPPDC1	[np.float64(0.0037751224030668573)]
UACGAMPpp	[0.011253947229232591]
UACGAMtex	[0.00044489429360646855]
UACMAMO	[np.float64(0.0037751224030668573)]
UAG2E	[0.006552672731309886]
UPPRT	[0.008236520983855723]
UAGAAT	[np.float64(0.0037751224030668573)]
PROD2	[0.36418663102955834]
UAGCVT	[0.038733187685561714]
UAGDP	[0.003548810021835523]
URAt2pp_copy1	[0.36418663102955834]
URAt2pp_copy2	[0.36418663102955834]
URAtex	[0.00044489429360646855]
UAGPT3	[0.09558659366636922]
UAMAGS	[0.05264076825431193]
PROGLYabcpp	[np.float64(0.0037751224030668573)]
UAMAS	[0.11585181299577449]
UAPGR	[np.float64(0.0037751224030668573)]
PROGLYtex	[0.00044489429360646855]
UDCPDP	[0.004807732417914866]
UDCPDPS	[np.float64(0.0037751224030668573)]
UDCPDPpp	[0.004807732417914866]
UDCPPtppi	[0.011996981791048779]
URCN	[0.36418663102955834]
UREA	[0.36418663102955834]
UREAtex	[0.00044489429360646855]
UDPACGALtex	[0.00044489429360646855]
PROTRS	[0.007711135875088314]
UDPG4E	[0.006656699159017143]
UREAtpp	[0.2644004341491885]
URIC	[0.11618310019171721]
URIDK2r	[0.006656699159017143]
PROabcpp	[np.float64(0.0037751224030668573)]
URIH	[np.float64(0.0037751224030668573)]
URIK2	[0.011492795681219695]
XYLK	[0.36418663102955834]
PROt2rpp	[0.03518916471058945]
XYLK2	[0.36418663102955834]
XYLUtex	[0.00044489429360646855]
URIt2pp	[0.006322627357656415]
URItex	[0.005867275432420022]
USHD	[0.36418663102955834]
XYLabcpp	[0.03865134692277772]
XYLt2pp	[0.36418663102955834]
VALTA	[0.009430457028707545]
PROt4pp	[0.05526705599221245]
VALTRS	[np.float64(0.0037751224030668573)]
XYLtex	[0.00044489429360646855]
ZN2abcpp	[0.09106253595232988]
ZN2t3pp	[0.007990752224301243]
ZN2tpp	[0.007534073541973199]
ZNabcpp	[np.float64(0.0037751224030668573)]
Zn2tex	[0.00044489429360646855]
VALabcpp	[0.0467276975904941]
VALt2rpp	[0.005093711514867138]
VALtex	[0.00044489429360646855]
PROtex	[0.00044489429360646855]
VPAMTr	[0.36418663102955834]
X5PL3E	[0.36418663102955834]
XAND	[0.36418663102955834]
ABTpp2	[0.36418663102955834]
ilvg	[0.0038946472177781404]
EX_12ppd__S_e	[0.011996981791048779]
XANt2pp	[0.36418663102955834]
PRPPS	[0.003131718932209575]
XANtex	[0.00044489429360646855]
XMPtex	[0.00044489429360646855]
EX_13ppd_e	[0.011996981791048779]
PSCLYStex	[0.00044489429360646855]
EX_14glucan_e	[0.011996981791048779]
EX_15dap_e	[0.011996981791048779]
XPPT	[0.005207512530174762]
XTSNH	[0.0047556850229273405]
XTSNtex	[0.00044489429360646855]
EX_23camp_e	[0.011996981791048779]
PSCVT	[0.0038946472177781404]
EX_23ccmp_e	[0.011996981791048779]
EX_23cgmp_e	[0.011996981791048779]
XYLI1	[0.36418663102955834]
XYLI2	[0.36418663102955834]
EX_cit_e	[0.011996981791048779]
EX_cl_e	[0.011996981791048779]
EX_23cump_e	[0.011996981791048779]
EX_23dappa_e	[0.011996981791048779]
EX_26dap__M_e	[0.011996981791048779]
EX_2ddglcn_e	[0.011996981791048779]
EX_cmp_e	[0.011996981791048779]
EX_co2_e	[0.011996981791048779]
EX_34dhpac_e	[0.011996981791048779]
EX_glyc2p_e	[0.011996981791048779]
EX_3amp_e	[0.011996981791048779]
EX_3cmp_e	[0.011996981791048779]
EX_3gmp_e	[0.011996981791048779]
EX_3hcinnm_e	[0.011996981791048779]
EX_3hpppn_e	[0.011996981791048779]
EX_cobalt2_e	[0.011996981791048779]
EX_colipa_e	[0.011996981791048779]
EX_crn_e	[0.011996981791048779]
EX_csn_e	[0.011996981791048779]
EX_cu_e	[0.011996981791048779]
EX_cu2_e	[0.011996981791048779]
EX_cyan_e	[0.011996981791048779]
EX_cynt_e	[0.011996981791048779]
EX_3ump_e	[0.011996981791048779]
EX_4abut_e	[0.011996981791048779]
EX_glyc3p_e	[0.011996981791048779]
EX_4hoxpacd_e	[0.011996981791048779]
EX_cys__D_e	[0.011996981791048779]
EX_cys__L_e	[0.011996981791048779]
EX_cytd_e	[0.011996981791048779]
EX_glyclt_e	[0.011996981791048779]
EX_dad_2_e	[0.011996981791048779]
EX_4hphac_e	[0.011996981791048779]
EX_gmp_e	[0.011996981791048779]
EX_5dglcn_e	[0.011996981791048779]
EX_damp_e	[0.011996981791048779]
EX_dca_e	[0.011996981791048779]
EX_LalaDgluMdap_e	[0.011996981791048779]
EX_dcmp_e	[0.011996981791048779]
EX_gsn_e	[0.011996981791048779]
EX_dcyt_e	[0.011996981791048779]
EX_ddca_e	[0.011996981791048779]
EX_dgmp_e	[0.011996981791048779]
EX_dgsn_e	[0.011996981791048779]
EX_LalaDgluMdapDala_e	[0.011996981791048779]
EX_abt__D_e	[0.011996981791048779]
EX_ac_e	[0.011996981791048779]
EX_acald_e	[0.011996981791048779]
EX_acgal_e	[0.011996981791048779]
EX_acgal1p_e	[0.011996981791048779]
EX_dha_e	[0.011996981791048779]
EX_gthox_e	[0.011996981791048779]
EX_diact_e	[0.011996981791048779]
EX_dimp_e	[0.011996981791048779]
EX_acgam_e	[0.011996981791048779]
EX_acgam1p_e	[0.011996981791048779]
EX_din_e	[0.011996981791048779]
EX_acmana_e	[0.011996981791048779]
EX_gthrd_e	[0.011996981791048779]
EX_acmum_e	[0.011996981791048779]
EX_dms_e	[0.011996981791048779]
EX_dmso_e	[0.011996981791048779]
EX_acolipa_e	[0.011996981791048779]
EX_dopa_e	[0.011996981791048779]
EX_gtp_e	[0.011996981791048779]
EX_dtmp_e	[0.011996981791048779]
EX_acser_e	[0.011996981791048779]
EX_dump_e	[0.011996981791048779]
EX_ade_e	[0.011996981791048779]
EX_gua_e	[0.011996981791048779]
EX_adn_e	[0.011996981791048779]
EX_adocbl_e	[0.011996981791048779]
EX_duri_e	[0.011996981791048779]
EX_etha_e	[0.011996981791048779]
EX_ethso3_e	[0.011996981791048779]
EX_ag_e	[0.011996981791048779]
EX_etoh_e	[0.011996981791048779]
EX_h_e	[0.011996981791048779]
EX_f6p_e	[0.011996981791048779]
EX_fald_e	[0.011996981791048779]
EX_agm_e	[0.011996981791048779]
EX_akg_e	[0.011996981791048779]
EX_ala_B_e	[0.011996981791048779]
EX_ala__D_e	[0.011996981791048779]
EX_ala__L_e	[0.011996981791048779]
EX_alaala_e	[0.011996981791048779]
EX_fe2_e	[0.011996981791048779]
EX_fe3_e	[0.011996981791048779]
EX_fe3dhbzs_e	[0.011996981791048779]
EX_fe3hox_e	[0.011996981791048779]
EX_fecrm_e	[0.011996981791048779]
EX_all__D_e	[0.011996981791048779]
EX_amp_e	[0.011996981791048779]
EX_feenter_e	[0.011996981791048779]
EX_anhgm_e	[0.011996981791048779]
EX_feoxam_e	[0.011996981791048779]
EX_arab__L_e	[0.011996981791048779]
EX_h2_e	[0.011996981791048779]
EX_arg__L_e	[0.011996981791048779]
EX_for_e	[0.011996981791048779]
EX_ascb__L_e	[0.011996981791048779]
EX_fru_e	[0.011996981791048779]
EX_h2o_e	[0.011996981791048779]
EX_frulys_e	[0.011996981791048779]
EX_asn__L_e	[0.011996981791048779]
EX_aso3_e	[0.011996981791048779]
EX_h2o2_e	[0.011996981791048779]
EX_asp__L_e	[0.011996981791048779]
EX_fruur_e	[0.011996981791048779]
EX_fuc__L_e	[0.011996981791048779]
EX_btd_RR_e	[0.011996981791048779]
EX_h2s_e	[0.011996981791048779]
EX_but_e	[0.011996981791048779]
EX_fum_e	[0.011996981791048779]
EX_g1p_e	[0.011996981791048779]
EX_butso3_e	[0.011996981791048779]
EX_hacolipa_e	[0.011996981791048779]
EX_bz_e	[0.011996981791048779]
EX_g3pc_e	[0.011996981791048779]
EX_g3pe_e	[0.011996981791048779]
EX_halipa_e	[0.011996981791048779]
EX_g3pg_e	[0.011996981791048779]
EX_g3pi_e	[0.011996981791048779]
EX_g3ps_e	[0.011996981791048779]
EX_pi_e	[0.011996981791048779]
EX_pnto__R_e	[0.011996981791048779]
EX_g6p_e	[0.011996981791048779]
EX_ppa_e	[0.011996981791048779]
EX_gal_e	[0.011996981791048779]
EX_hdca_e	[0.011996981791048779]
EX_gal_bD_e	[0.011996981791048779]
EX_ppal_e	[0.011996981791048779]
EX_pppn_e	[0.011996981791048779]
EX_ppt_e	[0.011996981791048779]
EX_gal1p_e	[0.011996981791048779]
EX_hdcea_e	[0.011996981791048779]
EX_galct__D_e	[0.011996981791048779]
EX_galctn__D_e	[0.011996981791048779]
EX_galctn__L_e	[0.011996981791048779]
EX_galt_e	[0.011996981791048779]
EX_pro__L_e	[0.011996981791048779]
EX_progly_e	[0.011996981791048779]
EX_psclys_e	[0.011996981791048779]
EX_pser__L_e	[0.011996981791048779]
EX_galur_e	[0.011996981791048779]
EX_gam_e	[0.011996981791048779]
EX_ptrc_e	[0.011996981791048779]
EX_hg2_e	[0.011996981791048779]
EX_pyr_e	[0.011996981791048779]
EX_r5p_e	[0.011996981791048779]
EX_gam6p_e	[0.011996981791048779]
EX_gdp_e	[0.011996981791048779]
EX_rbt_e	[0.011996981791048779]
EX_his__L_e	[0.011996981791048779]
EX_rib__D_e	[0.011996981791048779]
EX_rmn_e	[0.011996981791048779]
EX_glc__D_e	[0.011996981791048779]
EX_glcn_e	[0.011996981791048779]
EX_glcr_e	[0.011996981791048779]
EX_sbt__D_e	[0.011996981791048779]
EX_glcur_e	[0.011996981791048779]
EX_hom__L_e	[0.011996981791048779]
EX_glcur1p_e	[0.011996981791048779]
EX_gln__L_e	[0.011996981791048779]
EX_glu__L_e	[0.011996981791048779]
EX_gly_e	[0.011996981791048779]
EX_ser__D_e	[0.011996981791048779]
EX_ser__L_e	[0.011996981791048779]
EX_skm_e	[0.011996981791048779]
EX_so2_e	[0.011996981791048779]
EX_so3_e	[0.011996981791048779]
EX_so4_e	[0.011996981791048779]
EX_glyald_e	[0.011996981791048779]
EX_glyb_e	[0.011996981791048779]
EX_spmd_e	[0.011996981791048779]
EX_hxa_e	[0.011996981791048779]
EX_succ_e	[0.011996981791048779]
EX_sucr_e	[0.011996981791048779]
EX_sulfac_e	[0.011996981791048779]
EX_glyc_e	[0.011996981791048779]
EX_glyc__R_e	[0.011996981791048779]
EX_hxan_e	[0.011996981791048779]
EX_tartr__L_e	[0.011996981791048779]
EX_taur_e	[0.011996981791048779]
EX_tcynt_e	[0.011996981791048779]
EX_idon__L_e	[0.011996981791048779]
EX_thm_e	[0.011996981791048779]
EX_thr__L_e	[0.011996981791048779]
EX_ile__L_e	[0.011996981791048779]
EX_thrp_e	[0.011996981791048779]
EX_thym_e	[0.011996981791048779]
EX_imp_e	[0.011996981791048779]
EX_thymd_e	[0.011996981791048779]
EX_indole_e	[0.011996981791048779]
EX_tma_e	[0.011996981791048779]
EX_tmao_e	[0.011996981791048779]
EX_tre_e	[0.011996981791048779]
EX_inost_e	[0.011996981791048779]
EX_trp__L_e	[0.011996981791048779]
EX_tsul_e	[0.011996981791048779]
EX_ins_e	[0.011996981791048779]
EX_ttdca_e	[0.011996981791048779]
EX_ttdcea_e	[0.011996981791048779]
EX_isetac_e	[0.011996981791048779]
EX_tungs_e	[0.011996981791048779]
EX_tym_e	[0.011996981791048779]
EX_tyr__L_e	[0.011996981791048779]
EX_tyrp_e	[0.011996981791048779]
EX_uacgam_e	[0.011996981791048779]
EX_udpacgal_e	[0.011996981791048779]
EX_k_e	[0.011996981791048779]
EX_udpg_e	[0.011996981791048779]
EX_udpgal_e	[0.011996981791048779]
EX_kdo2lipid4_e	[0.011996981791048779]
EX_udpglcur_e	[0.011996981791048779]
EX_ump_e	[0.011996981791048779]
EX_lac__D_e	[0.011996981791048779]
EX_ura_e	[0.011996981791048779]
EX_urea_e	[0.011996981791048779]
EX_lac__L_e	[0.011996981791048779]
EX_uri_e	[0.011996981791048779]
EX_val__L_e	[0.011996981791048779]
EX_lcts_e	[0.011996981791048779]
EX_xan_e	[0.011996981791048779]
EX_xmp_e	[0.011996981791048779]
EX_xtsn_e	[0.011996981791048779]
EX_leu__L_e	[0.011996981791048779]
EX_xyl__D_e	[0.011996981791048779]
EX_xylu__L_e	[0.011996981791048779]
EX_lipa_e	[0.011996981791048779]
EX_zn2_e	[0.011996981791048779]
EX_lipa_cold_e	[0.011996981791048779]
BIOMASS_	[0.011996981791048779, 0.0001046588331215737]
EX_lys__L_e	[0.011996981791048779]
SK_dna_c	[0.011996981791048779]
EX_lyx__L_e	[0.011996981791048779]
SK_dna5mtc_c	[0.011996981791048779]
EX_mal__D_e	[0.011996981791048779]
EX_mal__L_e	[0.011996981791048779]
EX_malt_e	[0.011996981791048779]
EX_malthx_e	[0.011996981791048779]
EX_maltpt_e	[0.011996981791048779]
EX_malttr_e	[0.011996981791048779]
EX_maltttr_e	[0.011996981791048779]
EX_man_e	[0.011996981791048779]
EX_man6p_e	[0.011996981791048779]
EX_manglyc_e	[0.011996981791048779]
EX_melib_e	[0.011996981791048779]
EX_met__D_e	[0.011996981791048779]
EX_met__L_e	[0.011996981791048779]
EX_metsox_R__L_e	[0.011996981791048779]
EX_metsox_S__L_e	[0.011996981791048779]
EX_mg2_e	[0.011996981791048779]
EX_mmet_e	[0.011996981791048779]
EX_mn2_e	[0.011996981791048779]
EX_mnl_e	[0.011996981791048779]
EX_mobd_e	[0.011996981791048779]
EX_mso3_e	[0.011996981791048779]
EX_n2o_e	[0.011996981791048779]
EX_na1_e	[0.011996981791048779]
EX_nac_e	[0.011996981791048779]
EX_nh4_e	[0.011996981791048779]
EX_ni2_e	[0.011996981791048779]
EX_nmn_e	[0.011996981791048779]
EX_no_e	[0.011996981791048779]
EX_no2_e	[0.011996981791048779]
EX_no3_e	[0.011996981791048779]
EX_o2_e	[0.011996981791048779]
EX_o2s_e	[0.011996981791048779]
EX_ocdca_e	[0.011996981791048779]
EX_ocdcea_e	[0.011996981791048779]
EX_octa_e	[0.011996981791048779]
EX_orn_e	[0.011996981791048779]
EX_orot_e	[0.011996981791048779]
EX_pacald_e	[0.011996981791048779]
EX_peamn_e	[0.011996981791048779]
EX_phe__L_e	[0.011996981791048779]
EX_pheme_e	[0.011996981791048779]
